,h_te_mean,h_te_median,h_te_min,h_te_max,latitude,longitude,h_te_mode,h_te_skew,n_te_photons,segment_snowcover,terrain_slope,h_te_uncertainty,dem_h,x,y
0,1984.255859375,1984.194580078125,1983.631103515625,1984.97705078125,38.21758270263672,-119.2860336303711,1984.0,0.5567886233329773,59.0,1.0,-0.008480945602059364,33.63146209716797,1987.3001708984375,299874.2360780544,4232427.3496587565
1,1980.608154296875,1980.533203125,1979.6473388671875,1981.6497802734375,38.21488952636719,-119.2863540649414,1980.9000244140625,0.15420718491077423,52.0,1.0,-0.012372873723506927,38.088619232177734,1984.32275390625,299838.79866277555,4232129.161692715
2,1975.4173583984375,1975.480712890625,1974.68896484375,1976.3631591796875,38.21039581298828,-119.28689575195312,1975.0,0.13611015677452087,53.0,1.0,-0.012063726782798767,37.27202224731445,1978.268310546875,299779.05069014966,4231631.634196082
3,1974.212890625,1974.1409912109375,1973.7254638671875,1974.882568359375,38.209495544433594,-119.28700256347656,1974.0999755859375,0.4407152533531189,55.0,1.0,-0.008059637621045113,35.894779205322266,1977.2744140625,299767.2299702328,4231531.956120028
4,1972.1114501953125,1972.0765380859375,1971.6114501953125,1972.54541015625,38.2067985534668,-119.28731536865234,1972.0,0.023278480395674706,75.0,1.0,-0.004666466265916824,26.294816970825195,1975.18994140625,299732.44526167656,4231233.3288519485
5,1971.2713623046875,1971.230712890625,1970.651123046875,1971.9105224609375,38.205902099609375,-119.28742218017578,1971.0999755859375,0.1381358653306961,50.0,1.0,-0.007794205565005541,39.42543029785156,1974.4818115234375,299720.6342833337,4231134.074199492
6,1970.60205078125,1970.6103515625,1970.0186767578125,1971.056884765625,38.20500183105469,-119.28752899169922,1970.7000732421875,-0.41964709758758545,59.0,1.0,-0.00490489462390542,33.40004348754883,1973.0672607421875,299708.8126650647,4231034.396223718
7,1969.8179931640625,1969.7884521484375,1969.3265380859375,1970.5185546875,38.2041015625,-119.28763580322266,1969.7000732421875,0.4350105822086334,76.0,1.0,-0.0072250585071742535,25.918655395507812,1971.858154296875,299696.9908653817,4230934.718268141
8,1969.0521240234375,1969.0064697265625,1968.6168212890625,1969.5457763671875,38.20320510864258,-119.2877426147461,1968.9000244140625,0.5372687578201294,63.0,1.0,-0.004987715277820826,31.254798889160156,1971.4129638671875,299685.1793439229,4230835.463676098
9,1968.2108154296875,1968.174560546875,1967.078369140625,1969.2984619140625,38.20230484008789,-119.28784942626953,1968.9000244140625,-0.15735584497451782,50.0,1.0,-0.02067854255437851,39.36421203613281,1971.159423828125,299673.35718171805,4230735.785760874
10,1967.760009765625,1967.780029296875,1967.3551025390625,1968.2261962890625,38.2014045715332,-119.28795623779297,1967.800048828125,0.14675304293632507,69.0,1.0,-0.0031704697757959366,28.518260955810547,1970.3988037109375,299661.53483812633,4230636.107865846
11,1967.0989990234375,1967.1011962890625,1966.61376953125,1967.689208984375,38.20050811767578,-119.28807067871094,1967.0999755859375,0.3287070691585541,51.0,1.0,-0.0071944608353078365,38.5705680847168,1969.4273681640625,299649.054634619,4230536.869843402
12,1966.4508056640625,1966.451171875,1965.8460693359375,1967.078857421875,38.199607849121094,-119.28817749023438,1966.2000732421875,0.19143027067184448,79.0,1.0,-0.007840616628527641,24.89178466796875,1968.9068603515625,299637.2319202947,4230437.191989365
13,1966.297119140625,1966.284423828125,1965.8697509765625,1966.709228515625,38.19871139526367,-119.28827667236328,1966.300048828125,0.011845733970403671,72.0,1.0,-0.0007143298862501979,27.30968475341797,1968.75634765625,299626.08764112834,4230337.92098813
14,1966.04541015625,1966.0321044921875,1965.4625244140625,1966.698486328125,38.197811126708984,-119.28838348388672,1965.9000244140625,0.15842218697071075,89.0,1.0,0.004149747081100941,22.090394973754883,1968.814208984375,299614.2645726119,4230238.243173788
15,1965.83740234375,1965.8135986328125,1965.3668212890625,1966.3082275390625,38.1969108581543,-119.28849029541016,1965.800048828125,0.3651723563671112,69.0,1.0,-0.0009509235969744623,28.490398406982422,1968.3055419921875,299602.44132274104,4230138.565379637
16,1966.3074951171875,1966.1436767578125,1965.7176513671875,1967.596435546875,38.196014404296875,-119.2885971069336,1966.0999755859375,1.211457371711731,63.0,1.0,0.01233274769037962,31.21123504638672,1969.241943359375,299590.62835338677,4230039.3109486345
17,1973.95458984375,1971.4500732421875,1967.530029296875,1989.139892578125,38.19511413574219,-119.28870391845703,1968.0999755859375,0.9705065488815308,61.0,1.0,0.21104133129119873,32.36009216308594,1972.3026123046875,299578.8047411131,4229939.633194817
18,2007.31640625,2004.652099609375,1992.74609375,2023.30712890625,38.1942138671875,-119.28878784179688,2019.0999755859375,0.12387407571077347,18.0,1.0,0.3345208466053009,111.51920318603516,1980.0228271484375,299568.98553763435,4229839.9059203705
19,2042.4871826171875,2039.0517578125,2024.9884033203125,2073.98291015625,38.19331359863281,-119.28887939453125,2044.5,0.8612322807312012,26.0,1.0,0.5461263060569763,78.55863952636719,2006.5233154296875,299558.49799739104,4229740.195176766
20,2137.814453125,2139.373291015625,2132.68994140625,2141.904541015625,38.19151306152344,-119.2890396118164,3.4028234663852886e+38,-0.34766873717308044,13.0,1.0,0.21688340604305267,164.44752502441406,2092.410888671875,299539.52713638835,4229540.72419789
21,2134.4560546875,2132.656982421875,2127.5185546875,2141.755859375,38.19061279296875,-119.28915405273438,2130.199951171875,0.16470396518707275,45.0,1.0,-0.16852372884750366,47.43248748779297,2113.419677734375,299527.0344868709,4229441.063052898
22,2130.84619140625,2129.219482421875,2127.043212890625,2135.549560546875,38.18971633911133,-119.28925323486328,2135.199951171875,0.2358439713716507,53.0,1.0,0.10618960112333298,40.20470428466797,2126.440185546875,299515.88857888035,4229341.792239437
23,2136.184814453125,2136.294921875,2135.192138671875,2136.998291015625,38.18881607055664,-119.28936004638672,2136.300048828125,-0.6218817234039307,61.0,1.0,0.011044585146009922,35.01942443847656,2132.771728515625,299504.0637967766,4229242.114619129
24,2145.002685546875,2145.63623046875,2137.07177734375,2149.00927734375,38.18791961669922,-119.28946685791016,2145.60009765625,-0.959723711013794,28.0,1.0,0.1167660802602768,76.60735321044922,2134.25341796875,299492.2492973403,4229142.860361528
25,2151.45654296875,2151.208740234375,2148.78466796875,2154.223876953125,38.18701934814453,-119.28956604003906,2151.10009765625,-0.046037573367357254,47.0,1.0,0.0453772097826004,45.77568054199219,2142.12939453125,299481.09241561976,4229043.166263371
26,2157.31591796875,2156.9619140625,2153.598876953125,2161.665771484375,38.186119079589844,-119.2896728515625,2159.300048828125,0.08318103849887848,59.0,1.0,0.07721894979476929,36.56470489501953,2154.5771484375,299469.2670982293,4228943.488702915
27,2166.603271484375,2165.708740234375,2161.910888671875,2176.568603515625,38.185218811035156,-119.2897720336914,2171.5,0.8412534594535828,54.0,1.0,0.13815665245056152,40.12234878540039,2166.9169921875,299458.1098787448,4228843.794643236
28,2183.921630859375,2183.836181640625,2176.1748046875,2191.919677734375,38.184322357177734,-119.28986358642578,2184.10009765625,0.16861513257026672,46.0,1.0,0.1611817479133606,47.476654052734375,2178.7490234375,299447.63124685036,4228744.507424897
29,2195.595458984375,2195.648681640625,2191.558349609375,2198.395263671875,38.18342208862305,-119.28997039794922,2198.199951171875,-0.2653147876262665,41.0,1.0,0.06626453250646591,53.55112838745117,2191.58154296875,299435.8054107484,4228644.829922992
30,2204.951904296875,2205.93017578125,2198.454345703125,2209.092529296875,38.18252182006836,-119.29006958007812,2208.199951171875,-0.522766649723053,35.0,1.0,0.13924410939216614,62.99870300292969,2205.68701171875,299424.64769729157,4228545.135920091
31,2218.97021484375,2219.20166015625,2211.687255859375,2223.409423828125,38.18162155151367,-119.29016876220703,2220.400146484375,-0.6104066371917725,32.0,1.0,0.12616825103759766,69.34288024902344,2219.803955078125,299413.4898191079,4228445.441936129
32,2229.79443359375,2227.594482421875,2223.6416015625,2246.293701171875,38.18072509765625,-119.29026794433594,2228.60009765625,1.4620684385299683,34.0,1.0,0.259975790977478,65.58244323730469,2232.7470703125,299402.34224214265,4228346.171313249
33,2255.521728515625,2255.825927734375,2249.995849609375,2256.537841796875,38.17982482910156,-119.29035949707031,2255.800048828125,-3.0822010040283203,25.0,1.0,0.03671088442206383,90.22087860107422,2245.95263671875,299391.8523633742,4228246.460844228
34,2258.13623046875,2257.33251953125,2255.63720703125,2261.75390625,38.178924560546875,-119.29046630859375,2261.800048828125,0.5020075440406799,28.0,1.0,0.0690169632434845,80.64775848388672,2256.1630859375,299380.0256627061,4228146.783439919
35,2255.41650390625,2255.67431640625,2247.502685546875,2261.23974609375,38.17802429199219,-119.29057312011719,2251.10009765625,-0.1323179304599762,56.0,1.0,-0.1382254958152771,40.275352478027344,2262.809814453125,299368.19878083724,4228047.106055782
36,2239.46826171875,2239.506103515625,2230.881103515625,2247.4462890625,38.177127838134766,-119.29068756103516,2235.900146484375,0.11233361065387726,35.0,1.0,-0.17837320268154144,63.984947204589844,2263.695556640625,299355.7138314378,4227947.868558594
37,2221.293212890625,2220.8642578125,2212.54833984375,2229.7880859375,38.17622756958008,-119.2907943725586,2219.699951171875,-0.08134330809116364,22.0,1.0,-0.19408279657363892,100.96821594238281,2255.794189453125,299343.8865792229,4227848.191215396
38,2200.440185546875,2200.77392578125,2190.8935546875,2210.5107421875,38.175331115722656,-119.2909164428711,2200.800048828125,-0.08507455140352249,26.0,1.0,-0.20183804631233215,84.63253784179688,2240.68310546875,299330.732873829,4227748.97028662
39,2184.65673828125,2183.875,2181.1142578125,2189.677978515625,38.174434661865234,-119.29103088378906,2183.199951171875,0.5734180808067322,54.0,1.0,-0.06798872351646423,40.45663833618164,2224.474365234375,299318.24733296013,4227649.732853739
40,2189.6904296875,2190.167724609375,2185.934326171875,2193.029296875,38.17353439331055,-119.29113006591797,2191.60009765625,-0.3498818278312683,73.0,1.0,0.06842884421348572,29.99577522277832,2208.27685546875,299307.0878992962,4227550.03904531
41,2196.591796875,2196.6015625,2192.83544921875,2200.469970703125,38.17263412475586,-119.29122924804688,2193.400146484375,0.06590133160352707,69.0,1.0,0.08074179291725159,31.834688186645508,2199.1787109375,299295.9283009765,4227450.345255811
42,2204.244140625,2204.205078125,2200.54296875,2207.8935546875,38.17173385620117,-119.29133605957031,2203.300048828125,-0.07753093540668488,66.0,1.0,0.0725330039858818,33.39765930175781,2198.009765625,299284.10013526055,4227350.668013992
43,2214.56396484375,2214.5234375,2208.214599609375,2221.0927734375,38.17083740234375,-119.29143524169922,2214.900146484375,-0.04523704573512077,69.0,1.0,0.1265478879213333,32.095184326171875,2202.983642578125,299272.9506683707,4227251.397604565
44,2229.7939453125,2229.37548828125,2220.28759765625,2239.59814453125,38.16993713378906,-119.29153442382812,2235.10009765625,0.17445008456707,55.0,1.0,0.18549881875514984,40.54182815551758,2213.25927734375,299261.7905681287,4227151.703872393
45,2249.544189453125,2249.61474609375,2240.84521484375,2259.805419921875,38.169036865234375,-119.2916259765625,2253.5,0.10050178319215775,44.0,1.0,0.2311234325170517,51.12615966796875,2226.98388671875,299251.29873072566,4227051.993628626
46,2269.094970703125,2266.040771484375,2261.1806640625,2282.278076171875,38.16813659667969,-119.2917251586914,2275.900146484375,0.6055182218551636,47.0,1.0,0.20544977486133575,48.2787971496582,2243.45458984375,299240.1383094862,4226952.299933715
47,2292.059326171875,2290.85498046875,2284.73779296875,2303.323974609375,38.167236328125,-119.29181671142578,2297.400146484375,0.48386597633361816,42.0,1.0,0.20342835783958435,54.57301712036133,2262.560302734375,299229.6461676005,4226852.589726083
48,2314.51416015625,2315.0029296875,2304.73779296875,2322.537353515625,38.16633987426758,-119.29191589355469,2322.5,-0.19166173040866852,44.0,1.0,0.20470212399959564,52.602783203125,2280.15966796875,299218.49589550274,4226753.319409815
49,2322.889892578125,2323.12890625,2319.02001953125,2323.90771484375,38.16543960571289,-119.29200744628906,2323.400146484375,-2.1318728923797607,23.0,1.0,-0.012931161560118198,100.99522399902344,2297.613525390625,299208.003449367,4226653.609238267
50,2305.436279296875,2306.2802734375,2289.638916015625,2316.933349609375,38.1645393371582,-119.29212951660156,2309.60009765625,-0.4596429467201233,30.0,1.0,-0.3298945724964142,76.84839630126953,2305.205810546875,299194.836980447,4226553.965218066
51,2274.859130859375,2276.21923828125,2257.858154296875,2288.222900390625,38.16364288330078,-119.29225158691406,2279.800048828125,-0.4430190920829773,44.0,1.0,-0.33854779601097107,51.701744079589844,2293.295166015625,299181.6807684639,4226454.744562063
52,2237.1748046875,2234.993896484375,2231.1865234375,2254.24560546875,38.16274642944336,-119.29236602783203,2231.60009765625,1.243401288986206,49.0,1.0,-0.24345988035202026,45.656822204589844,2272.58935546875,299169.1928282089,4226355.507393941
53,2232.792724609375,2232.12939453125,2231.054931640625,2237.232666015625,38.16184616088867,-119.29247283935547,2231.300048828125,1.0849415063858032,80.0,1.0,0.05134500563144684,27.909912109375,2256.746826171875,299157.362712729,4226255.830370447
54,2244.6748046875,2244.974853515625,2236.56298828125,2250.5361328125,38.160945892333984,-119.2925796508789,2242.800048828125,-0.5500660538673401,64.0,1.0,0.13312271237373352,35.073089599609375,2244.160400390625,299145.53241618926,4226156.153367102
55,2258.490966796875,2256.119140625,2251.62158203125,2271.103759765625,38.16004943847656,-119.29267883300781,2254.900146484375,0.8028091788291931,48.0,1.0,0.22406989336013794,47.05208206176758,2246.423583984375,299134.38092057593,4226056.883188105
56,2283.5107421875,2284.86474609375,2271.722412109375,2294.241455078125,38.159149169921875,-119.29277038574219,2291.699951171875,-0.18935343623161316,60.0,1.0,0.22055408358573914,38.05867385864258,2265.606201171875,299123.8873065886,4225957.173149524
57,2302.311767578125,2303.37841796875,2294.26806640625,2307.615966796875,38.15824890136719,-119.2928695678711,2306.300048828125,-0.6604458689689636,55.0,1.0,0.1331581026315689,41.860260009765625,2284.1748046875,299112.72501824924,4225857.479666665
58,2312.814208984375,2313.48583984375,2308.38623046875,2314.884765625,38.1573486328125,-119.29296112060547,2314.400146484375,-0.8915754556655884,77.0,1.0,0.06008128821849823,30.036550521850586,2297.18310546875,299102.23109992733,4225757.769664198
59,2311.346435546875,2311.12109375,2308.58837890625,2314.302734375,38.15645217895508,-119.29307556152344,2309.300048828125,0.16309663653373718,72.0,1.0,-0.05847516655921936,32.10203552246094,2306.56396484375,299089.7418782748,4225658.5326377135
60,2305.159912109375,2305.332275390625,2300.99462890625,2308.80224609375,38.15555191040039,-119.29317474365234,2305.10009765625,-0.26638612151145935,70.0,1.0,-0.07215522974729538,32.93086242675781,2305.53466796875,299078.579088351,4225558.839212133
61,2305.40673828125,2304.97216796875,2298.518310546875,2312.360595703125,38.15375518798828,-119.29338836669922,2310.0,0.11131178587675095,30.0,1.0,0.15827281773090363,76.84703826904297,2299.819091796875,299054.9263538603,4225359.908840457
62,2322.0439453125,2322.064697265625,2314.580322265625,2330.846923828125,38.152854919433594,-119.29348754882812,2323.199951171875,0.09002918750047684,31.0,1.0,0.18864041566848755,74.90481567382812,2309.932373046875,299043.7630541697,4225260.215472737
63,2340.248046875,2340.8173828125,2333.279541015625,2347.658935546875,38.151954650878906,-119.29358673095703,2336.400146484375,0.053362321108579636,23.0,1.0,0.1817653626203537,101.75012969970703,2323.518798828125,299032.5995899874,4225160.5221239235
64,2373.354736328125,2373.4189453125,2362.39501953125,2380.2626953125,38.15015411376953,-119.29377746582031,2372.60009765625,-0.5457838177680969,37.0,1.0,0.1867116540670395,64.14483642578125,2358.01171875,299010.94076862914,4224961.11893962
65,2388.11669921875,2387.951171875,2380.403076171875,2396.9482421875,38.14925765991211,-119.29387664794922,2385.699951171875,0.050493255257606506,72.0,1.0,0.1646464318037033,33.16835403442383,2375.92431640625,298999.787294336,4224861.848987423
66,2404.25732421875,2403.04541015625,2396.658203125,2415.29638671875,38.14835739135742,-119.29397583007812,2398.400146484375,0.42959731817245483,55.0,1.0,0.1998109072446823,43.713905334472656,2393.611083984375,298988.62318074517,4224762.155713596
67,2474.9970703125,2473.686279296875,2468.55712890625,2486.0654296875,38.14476013183594,-119.29436492919922,2473.699951171875,0.7688252925872803,30.0,1.0,0.184190571308136,82.50010681152344,2465.185791015625,298944.64420802763,4224363.789600678
68,2519.872314453125,2514.99462890625,2508.453125,2534.17529296875,38.14295959472656,-119.29454803466797,2515.0,0.2811775803565979,21.0,1.0,0.24573291838169098,119.99462890625,2504.80224609375,298923.65152164735,4224164.370163709
69,2580.796142578125,2580.3017578125,2565.405029296875,2596.415283203125,38.14115905761719,-119.29473114013672,3.4028234663852886e+38,0.0317470021545887,19.0,1.0,0.3469436466693878,135.83184814453125,2554.4267578125,298902.6582435548,4223964.95079784
70,2715.01318359375,2714.363037109375,2703.099609375,2725.65087890625,38.136661529541016,-119.29519653320312,3.4028234663852886e+38,-0.10738083720207214,29.0,1.0,0.22916845977306366,93.62149810791016,2687.29052734375,298849.5142140499,4223466.842585676
71,2769.717041015625,2770.3583984375,2754.30419921875,2791.469970703125,38.13486099243164,-119.29537963867188,3.4028234663852886e+38,0.4645025134086609,18.0,1.0,0.40108272433280945,153.87393188476562,2738.603515625,298828.51884930476,4223267.423469568
72,2826.513671875,2835.399169921875,2796.677001953125,2852.550537109375,38.13396072387695,-119.29546356201172,3.4028234663852886e+38,-0.395861953496933,17.0,1.0,0.6057063937187195,166.2686767578125,2772.22900390625,298818.689693854,4223167.697384878
73,2901.552734375,2905.394287109375,2865.2451171875,2915.98486328125,38.133060455322266,-119.29553985595703,2911.5,-1.2505064010620117,23.0,1.0,0.5539858341217041,126.15594482421875,2813.82861328125,298809.529163994,4223067.954763234
74,2962.87548828125,2962.849609375,2947.156005859375,2977.4072265625,38.13125991821289,-119.29571533203125,3.4028234663852886e+38,0.036535173654556274,20.0,1.0,0.2887991964817047,148.14462280273438,2921.830322265625,298789.2014392464,4222868.51923133
75,3090.081787109375,3090.036865234375,3085.33740234375,3095.590087890625,38.12586212158203,-119.2962875366211,3089.900146484375,0.15786603093147278,25.0,1.0,0.10882262885570526,123.60334014892578,3056.7724609375,298724.2124579693,4222270.735736045
76,3104.96923828125,3102.732421875,3097.435546875,3119.197021484375,38.124961853027344,-119.29638671875,3102.699951171875,0.6630606651306152,37.0,1.0,0.2584388852119446,83.91825866699219,3075.0458984375,298713.0442527936,4222171.042940301
77,3140.968505859375,3138.715576171875,3120.347412109375,3163.13818359375,38.124061584472656,-119.29647827148438,3132.60009765625,0.02395743504166603,30.0,1.0,0.45004698634147644,104.7000961303711,3105.53857421875,298702.5447226851,4222071.333604228
78,3182.41845703125,3184.2373046875,3164.701416015625,3196.583984375,38.12316131591797,-119.29656219482422,3.4028234663852886e+38,-0.2570963203907013,42.0,1.0,0.306766152381897,75.77215576171875,3139.528564453125,298692.71389237046,4221971.607726221
79,3216.2587890625,3215.97265625,3197.21875,3228.412841796875,38.12226104736328,-119.2966537475586,3225.60009765625,-0.4206447899341583,24.0,1.0,0.3208862841129303,134.01144409179688,3169.56640625,298682.21407492505,4221871.898425125
80,3242.25732421875,3241.48046875,3237.688232421875,3246.891845703125,38.121360778808594,-119.29674530029297,3240.60009765625,0.3162585496902466,21.0,1.0,0.2483251392841339,154.393310546875,3199.02490234375,298671.7141097009,4221772.189141784
81,3252.16650390625,3252.250732421875,3251.452392578125,3252.82568359375,38.119564056396484,-119.29695129394531,3252.300048828125,-0.1926221251487732,11.0,1.0,0.008678723126649857,295.65155029296875,3229.572509765625,298648.71757648874,4221573.243652893
82,3253.672119140625,3254.78662109375,3248.3095703125,3255.32421875,38.11686706542969,-119.2972640991211,3254.800048828125,-1.2031550407409668,13.0,1.0,-0.07123704999685287,250.2825469970703,3227.5751953125,298613.88179097854,4221274.622177797
83,3243.921875,3243.599609375,3242.20751953125,3245.91455078125,38.115966796875,-119.29737854003906,3.4028234663852886e+38,0.21147140860557556,13.0,1.0,-0.10129525512456894,249.53248596191406,3220.672607421875,298601.3741334206,4221174.962698487
84,3173.7529296875,3172.292724609375,3155.833984375,3196.440673828125,38.114173889160156,-119.29762268066406,3.4028234663852886e+38,0.41329896450042725,13.0,1.0,-0.5605703592300415,244.13641357421875,3186.612060546875,298575.0413349195,4220976.523613408
85,3123.205078125,3128.3349609375,3094.326171875,3148.962890625,38.113277435302734,-119.2977523803711,3.4028234663852886e+38,-0.11131604760885239,17.0,1.0,-0.6281561255455017,183.72105407714844,3146.743896484375,298561.2056781957,4220877.320671893
86,3066.749755859375,3067.843505859375,3038.453369140625,3087.592041015625,38.11237716674805,-119.29788970947266,3.4028234663852886e+38,-0.46930280327796936,13.0,1.0,-0.5393460988998413,235.90626525878906,3103.9189453125,298546.690361082,4220777.710983893
87,3034.445068359375,3034.6240234375,3032.22314453125,3038.883544921875,38.111480712890625,-119.29800415039062,3034.900146484375,0.7278558015823364,14.0,1.0,0.04266902059316635,216.74610900878906,3058.92138671875,298534.1921460938,4220678.4749550205
88,3055.3525390625,3056.23828125,3044.736328125,3057.992919921875,38.11058044433594,-119.29810333251953,3.4028234663852886e+38,-2.070923089981079,10.0,1.0,0.17519094049930573,305.5354919433594,3022.14501953125,298523.0211746905,4220578.782470938
89,2740.470458984375,2738.052001953125,2730.75390625,2759.997802734375,38.100704193115234,-119.2994155883789,2735.10009765625,0.8413606882095337,17.0,1.0,-0.3501398265361786,161.20481872558594,2739.3671875,298380.80053124507,4219485.6104680495
90,2718.527099609375,2721.27392578125,2703.86376953125,2726.33251953125,38.09980773925781,-119.2995376586914,3.4028234663852886e+38,-0.660654604434967,18.0,1.0,-0.2505185306072235,151.02980041503906,2716.28759765625,298367.6306583864,4219386.39129808
91,2692.00732421875,2693.0869140625,2673.363037109375,2702.3271484375,38.098907470703125,-119.29965209960938,3.4028234663852886e+38,-0.7489901185035706,17.0,1.0,-0.32731232047080994,158.3541717529297,2689.370361328125,298355.11915259843,4219286.732234501
92,2651.826904296875,2652.16015625,2646.4326171875,2657.404052734375,38.096214294433594,-119.29998779296875,3.4028234663852886e+38,-0.15051013231277466,17.0,1.0,-0.15613771975040436,155.98992919921875,2638.192626953125,298318.27352858393,4218988.585267106
93,2635.1826171875,2633.89892578125,2629.215576171875,2645.431884765625,38.095314025878906,-119.30010223388672,3.4028234663852886e+38,0.6390331387519836,11.0,1.0,-0.19544380903244019,239.56263732910156,2628.1943359375,298305.761243635,4218888.926288414
94,2622.00634765625,2623.389892578125,2613.816162109375,2625.042724609375,38.094417572021484,-119.30021667480469,2623.400146484375,-1.1852312088012695,10.0,1.0,-0.1635783612728119,262.20098876953125,2618.800537109375,298293.25925288745,4218789.690668748
95,2617.718505859375,2617.40087890625,2616.86669921875,2619.837890625,38.09172058105469,-119.30052947998047,2617.300048828125,1.2418406009674072,16.0,1.0,0.030084531754255295,163.60740661621094,2617.041015625,298258.4076596496,4218491.070926988
96,2720.56640625,2722.839111328125,2697.503173828125,2732.438720703125,38.087223052978516,-119.301025390625,2716.10009765625,-0.8786923289299011,20.0,1.0,0.4721587002277374,136.02915954589844,2699.4267578125,298202.5417674251,4217993.034235395
97,2749.6279296875,2747.63330078125,2741.013916015625,2763.777587890625,38.08632278442383,-119.30111694335938,2750.0,0.6694024205207825,20.0,1.0,0.26054999232292175,137.48194885253906,2731.8779296875,298192.0351833325,4217893.325698772
98,2779.6220703125,2781.2763671875,2766.9970703125,2790.544921875,38.08542251586914,-119.30120086669922,2790.5,-0.11610548943281174,21.0,1.0,0.2707500457763672,132.3634490966797,2765.677490234375,298182.19764467713,4217793.600592066
99,2811.72119140625,2813.625,2795.29833984375,2824.3994140625,38.08452224731445,-119.3012924194336,3.4028234663852886e+38,-0.4112764298915863,14.0,1.0,0.3206838071346283,200.83847045898438,2795.9443359375,298171.6907738194,4217693.892090344
100,2837.02734375,2835.96044921875,2835.178466796875,2839.740234375,38.082725524902344,-119.3014907836914,2835.800048828125,0.4772774279117584,18.0,1.0,0.049307648092508316,157.6126708984375,2847.93896484375,298149.348648625,4217494.931655891
101,2855.239501953125,2854.186279296875,2851.119140625,2859.34326171875,38.08002853393555,-119.30180358886719,2859.300048828125,0.24827146530151367,11.0,1.0,-0.10889790952205658,259.5673828125,2884.954345703125,298114.4905010726,4217196.312659272
102,2849.08740234375,2849.0712890625,2848.1533203125,2849.591064453125,38.07912826538086,-119.30191040039062,2849.10009765625,-0.637333869934082,20.0,1.0,-0.009826608933508396,142.4543914794922,2885.576416015625,298102.64418716356,4217096.6374513395
103,2856.517333984375,2856.491943359375,2856.048583984375,2857.29296875,38.07643127441406,-119.30223083496094,2856.5,1.1452242136001587,111.0,1.0,-0.0028631875757128,25.734386444091797,2869.32470703125,298067.11465933744,4216798.035284547
104,2856.50634765625,2856.51806640625,2856.075439453125,2856.82421875,38.07553482055664,-119.30233764648438,2856.5,-0.42842286825180054,108.0,1.0,0.00035314299748279154,26.449129104614258,2867.422119140625,298055.2781206611,4216698.78349341
105,2856.49560546875,2856.50341796875,2856.0634765625,2856.95166015625,38.07463455200195,-119.30244445800781,2856.5,-0.0011245073983445764,105.0,1.0,-5.4297634051181376e-05,27.204727172851562,2865.452880859375,298043.430905477,4216599.108385663
106,2856.519775390625,2856.5166015625,2855.989990234375,2856.860595703125,38.073734283447266,-119.30254364013672,2856.5,-0.3769783675670624,101.0,1.0,-0.0002632030809763819,28.282377243041992,2862.5390625,298032.2528097827,4216499.416702146
107,2856.499267578125,2856.524658203125,2856.04296875,2856.94482421875,38.072837829589844,-119.30265045166016,2856.60009765625,-0.24588808417320251,114.0,1.0,-0.0005057344678789377,25.05701446533203,2860.189208984375,298020.41573937825,4216400.164970336
108,2856.540771484375,2856.528564453125,2856.12939453125,2856.9619140625,38.071937561035156,-119.3027572631836,2856.400146484375,-0.0487496517598629,67.0,1.0,2.680193392734509e-05,42.63494110107422,2859.51220703125,298008.56799169944,4216300.489922056
109,2856.538330078125,2856.5517578125,2856.1474609375,2856.92626953125,38.071041107177734,-119.30286407470703,2856.60009765625,0.13783350586891174,72.0,1.0,0.0004247364413458854,39.67414855957031,2859.338134765625,297996.73056147504,4216201.238230207
110,2856.542724609375,2856.564453125,2856.0751953125,2857.028076171875,38.07014083862305,-119.30297088623047,2856.60009765625,-0.2273358851671219,85.0,1.0,0.0008924389840103686,33.60638427734375,2858.791259765625,297984.8824534388,4216101.563221976
111,2856.501708984375,2856.5087890625,2856.04931640625,2856.871337890625,38.06924057006836,-119.3030776977539,2856.400146484375,-0.32795387506484985,72.0,1.0,-0.0008367755799554288,39.67362976074219,2858.916748046875,297973.03416509496,4216001.888233795
112,2857.000244140625,2856.58740234375,2856.158203125,2861.17529296875,38.06834411621094,-119.30317687988281,2856.60009765625,2.1830289363861084,20.0,1.0,0.07820762693881989,142.85000610351562,2861.2470703125,297961.8655441777,4215902.620002281
113,2871.08740234375,2869.4921875,2868.838623046875,2879.2314453125,38.06744384765625,-119.30327606201172,3.4028234663852886e+38,1.4277886152267456,8.0,1.0,0.14963103830814362,358.88623046875,2865.358154296875,297950.6862611029,4215802.9284532955
114,3256.721435546875,3258.640625,3246.345458984375,3261.531494140625,38.05934143066406,-119.3040542602539,3.4028234663852886e+38,-0.9076800346374512,5.0,1.0,-0.5247189998626709,651.3455810546875,3229.34326171875,297860.1068134662,4214905.456283364
115,3147.02685546875,3149.60107421875,3131.69921875,3153.312744140625,38.05754470825195,-119.3042984008789,3.4028234663852886e+38,-0.8992405533790588,5.0,1.0,-0.5721695423126221,629.4078369140625,3194.530517578125,297833.73886859685,4214706.59653433
116,3102.189453125,3106.611083984375,3083.199462890625,3125.50244140625,38.05664825439453,-119.30443572998047,3.4028234663852886e+38,0.12566855549812317,5.0,1.0,-0.4801740348339081,620.4457397460938,3133.859375,297819.2209156716,4214607.411575671
117,3066.685302734375,3074.275146484375,3044.0927734375,3079.93701171875,38.05575180053711,-119.30455780029297,3.4028234663852886e+38,-0.6184647083282471,9.0,1.0,-0.40567079186439514,340.7460632324219,3085.588134765625,297806.04164598667,4214508.193427359
118,3027.727783203125,3030.26171875,3008.9453125,3041.65380859375,38.05485534667969,-119.3046875,3.4028234663852886e+38,-0.5538256168365479,17.0,1.0,-0.3232112228870392,178.1029510498047,3039.2275390625,297792.19269145804,4214408.991910302
119,2990.753173828125,2988.244873046875,2985.652099609375,3007.35693359375,38.053955078125,-119.3048095703125,2985.699951171875,1.455568790435791,19.0,1.0,-0.23641782999038696,157.40841674804688,3007.901611328125,297779.00248611474,4214309.3504727045
120,2985.036865234375,2984.80712890625,2983.807373046875,2986.970458984375,38.05305862426758,-119.30491638183594,2987.0,0.7388306856155396,27.0,1.0,0.03219861164689064,110.55691528320312,2993.962158203125,297767.16154835804,4214210.099173352
121,3002.37060546875,3000.58935546875,2992.3896484375,3016.5966796875,38.05215835571289,-119.30501556396484,2993.199951171875,0.16983520984649658,33.0,1.0,0.3461119830608368,90.98133087158203,2990.0849609375,297755.9794248769,4214110.407947976
122,3029.298583984375,3026.554443359375,3020.283447265625,3036.85693359375,38.0512580871582,-119.30510711669922,3035.199951171875,0.0828564316034317,22.0,1.0,0.17701441049575806,137.69566345214844,2999.774658203125,297745.46664300014,4214010.700130305
123,3047.73828125,3047.726318359375,3037.6884765625,3057.639892578125,38.050357818603516,-119.30520629882812,3048.199951171875,0.3972560465335846,32.0,1.0,0.20842748880386353,95.24192810058594,3021.357666015625,297734.28420035297,4213911.008941942
124,3103.123291015625,3102.777099609375,3100.327392578125,3107.782958984375,38.04855728149414,-119.30538940429688,3.4028234663852886e+38,0.5867316722869873,9.0,1.0,0.15416045486927032,344.7915954589844,3076.899658203125,297713.2578839741,4213711.593396065
125,3120.09375,3119.94189453125,3116.6796875,3123.194580078125,38.04766082763672,-119.30548858642578,3122.0,-0.04430549591779709,18.0,1.0,0.15702353417873383,173.33856201171875,3104.960205078125,297702.0854709846,4213612.325598076
126,3127.08984375,3124.84814453125,3121.73876953125,3139.8125,38.04676055908203,-119.30559539794922,3124.800048828125,0.9964460134506226,18.0,1.0,0.3370852470397949,173.72755432128906,3128.067626953125,297690.23284391966,4213512.651097594
127,3156.36181640625,3158.07421875,3141.11376953125,3164.958740234375,38.045860290527344,-119.30567932128906,3163.60009765625,-0.6083865761756897,52.0,1.0,0.2221853882074356,60.69938278198242,3146.669189453125,297680.38870063087,4213412.926773627
128,3172.77734375,3171.837158203125,3164.236083984375,3181.340087890625,38.044960021972656,-119.30577850341797,3180.199951171875,0.15062859654426575,57.0,1.0,0.18052683770656586,55.6628532409668,3158.281982421875,297669.2053008829,4213313.23569623
129,3183.41162109375,3183.313232421875,3182.3232421875,3186.052734375,38.044063568115234,-119.3058853149414,3183.10009765625,1.1463743448257446,53.0,1.0,0.024600530043244362,60.064369201660156,3169.535888671875,297657.36267161596,4213213.98458821
130,3192.8505859375,3192.900390625,3184.7421875,3200.627197265625,38.04316329956055,-119.30597686767578,3191.400146484375,0.09151553362607956,59.0,1.0,0.1372222900390625,54.11616897583008,3187.995361328125,297646.8485158705,4213114.276932731
131,3212.647705078125,3209.9833984375,3201.141357421875,3233.732666015625,38.04226303100586,-119.30606842041016,3.4028234663852886e+38,0.6740017533302307,24.0,1.0,0.3573140501976013,133.8607940673828,3209.463623046875,297636.3342129444,4213014.569294922
132,3261.6416015625,3265.395751953125,3241.055419921875,3270.05712890625,38.04136276245117,-119.30615997314453,3266.0,-1.4237277507781982,16.0,1.0,0.31809911131858826,203.85333251953125,3230.818603515625,297625.819762844,4212914.8616747875
133,3275.734619140625,3274.64794921875,3271.08837890625,3282.4248046875,38.040462493896484,-119.30625915527344,3274.60009765625,1.2120627164840698,54.0,1.0,0.12148886173963547,60.66179275512695,3252.94091796875,297614.63556162687,4212815.170690123
134,3293.197265625,3292.841064453125,3286.510498046875,3299.12158203125,38.0395622253418,-119.30635070800781,3292.800048828125,-0.35715392231941223,33.0,1.0,0.13274921476840973,99.79389190673828,3276.5732421875,297604.12080897286,4212715.46310586
135,3314.202392578125,3312.022216796875,3301.673095703125,3333.712890625,38.03866195678711,-119.30644226074219,3316.0,0.9038785099983215,37.0,1.0,0.3872980773448944,89.57333374023438,3301.3505859375,297593.60590916453,4212615.755539267
136,3352.695556640625,3355.549560546875,3338.31982421875,3361.5908203125,38.03776168823242,-119.30653381347656,3.4028234663852886e+38,-0.5096332430839539,19.0,1.0,0.3701108992099762,176.4580535888672,3327.6083984375,297583.0908622081,4212516.047990344
137,3386.8515625,3388.0029296875,3370.76904296875,3397.511474609375,38.036861419677734,-119.30662536621094,3.4028234663852886e+38,-0.2950277030467987,30.0,1.0,0.2763840854167938,112.89539337158203,3356.583251953125,297572.57566811016,4212416.340459089
138,3411.01123046875,3408.73388671875,3398.186767578125,3426.791015625,38.03596496582031,-119.30671691894531,3420.5,0.3078541159629822,39.0,1.0,0.43751636147499084,87.46219635009766,3389.832763671875,297562.07083397073,4212317.056280037
139,3478.206298828125,3477.980712890625,3461.146484375,3493.22998046875,38.03506088256836,-119.30680084228516,3.4028234663852886e+38,-0.05814644694328308,10.0,1.0,0.8751176595687866,347.82232666015625,3432.099365234375,297552.2144918138,4212216.9088285975
140,3577.350341796875,3577.721435546875,3563.6728515625,3582.9208984375,38.033260345458984,-119.30695343017578,3577.699951171875,-1.5129252672195435,30.0,1.0,0.16733421385288239,119.24510955810547,3539.800537109375,297533.8617691451,4212017.427401062
141,3592.82861328125,3591.49853515625,3583.21923828125,3611.153564453125,38.0323600769043,-119.30705261230469,3607.5,0.7266815304756165,21.0,1.0,0.31562215089797974,171.08767700195312,3575.413818359375,297522.6762025916,4211917.736577835
142,3669.274658203125,3668.664306640625,3667.0654296875,3673.5615234375,38.02336883544922,-119.30807495117188,3.4028234663852886e+38,0.9841331839561462,12.0,1.0,0.05801763758063316,305.77294921875,3693.265625,297408.16403305024,4210922.165893259
143,3431.544921875,3431.412109375,3427.54541015625,3433.771240234375,38.007198333740234,-119.31008911132812,3431.10009765625,-0.6430419683456421,24.0,1.0,0.06997918337583542,142.98106384277344,3461.560302734375,297186.76327242696,4209132.046894684
144,3441.765625,3439.617919921875,3434.31884765625,3452.485595703125,38.00629806518555,-119.31018829345703,3438.5,0.5045901536941528,44.0,1.0,0.16500650346279144,78.22205352783203,3455.107177734375,297175.57268914115,4209032.356634977
145,3456.0625,3454.004638671875,3446.92529296875,3471.5927734375,38.005401611328125,-119.31029510498047,3448.5,0.44872838258743286,61.0,1.0,0.2697260081768036,56.65690612792969,3468.1767578125,297163.7225344715,4208933.106368814
146,3488.1513671875,3487.940185546875,3471.24072265625,3525.89208984375,38.00450134277344,-119.31037902832031,3485.300048828125,0.6652888655662537,31.0,1.0,0.5568538904190063,112.52182006835938,3488.333984375,297153.87148135924,4208833.382862341
147,3498.326904296875,3495.908203125,3486.568115234375,3519.189697265625,38.00270080566406,-119.31057739257812,3.4028234663852886e+38,0.49746084213256836,10.0,1.0,-0.5732136964797974,349.834716796875,3484.52978515625,297131.4891883674,4208634.002472909
148,3462.610107421875,3458.559814453125,3441.571044921875,3484.396484375,38.00180435180664,-119.31070709228516,3.4028234663852886e+38,0.09839185327291489,31.0,1.0,-0.4392997920513153,111.69815063476562,3468.635498046875,297117.6284858175,4208534.802215914
149,3425.32958984375,3426.736328125,3410.80029296875,3441.37646484375,38.00090789794922,-119.31082916259766,3413.199951171875,0.018565405160188675,28.0,1.0,-0.3174654245376587,122.33373260498047,3440.83447265625,297104.4375201793,4208435.585338035
150,3394.828125,3392.33203125,3387.54736328125,3408.87744140625,38.00000762939453,-119.31095123291016,3387.800048828125,0.6378424167633057,56.0,1.0,-0.23214992880821228,60.62204360961914,3406.81982421875,297091.23582470196,4208335.9451501435
151,3373.03759765625,3378.3193359375,3341.5361328125,3387.726806640625,37.99911117553711,-119.31107330322266,3353.199951171875,-0.679507851600647,28.0,1.0,-0.4859236478805542,120.46696472167969,3373.20947265625,297078.04443486664,4208236.72831762
152,3321.6962890625,3319.81494140625,3313.190185546875,3340.4794921875,37.99821472167969,-119.31120300292969,3315.699951171875,0.824108898639679,33.0,1.0,-0.26509949564933777,100.65764617919922,3344.47900390625,297064.1828432948,4208137.528155101
153,3312.791748046875,3312.255126953125,3311.255615234375,3316.008056640625,37.997314453125,-119.31130981445312,3312.10009765625,0.9740040302276611,65.0,1.0,0.03957265987992287,50.966033935546875,3327.108642578125,297052.32049855904,4208037.85473996
154,3318.5986328125,3318.05419921875,3315.744384765625,3323.6572265625,37.99641418457031,-119.31141662597656,3318.0,0.6111505627632141,100.0,1.0,0.07241547107696533,33.185997009277344,3316.251220703125,297040.45797411853,4207938.181344785
155,3325.0712890625,3325.184814453125,3322.678955078125,3326.306884765625,37.99551773071289,-119.31151580810547,3325.300048828125,-0.5319154262542725,55.0,1.0,0.023906487971544266,60.45582962036133,3305.890869140625,297029.27580387425,4207838.914652742
156,3323.620849609375,3324.1435546875,3319.26611328125,3326.293701171875,37.9946174621582,-119.3116226196289,3324.900146484375,-0.3497973084449768,28.0,1.0,-0.07268263399600983,118.70076751708984,3298.834228515625,297017.4129285342,4207739.241296805
157,3314.90673828125,3314.99560546875,3310.88525390625,3319.034423828125,37.99372100830078,-119.31173706054688,3312.60009765625,0.08765242993831635,26.0,1.0,-0.09068503975868225,127.49645233154297,3294.0712890625,297004.8903626306,4207640.007943722
158,3304.97509765625,3306.337158203125,3298.46044921875,3309.972900390625,37.992820739746094,-119.31184387207031,3299.60009765625,-0.52977055311203,36.0,1.0,-0.12506715953350067,91.80491638183594,3287.583984375,296993.02711998165,4207540.334628301
159,3304.986572265625,3304.70654296875,3297.954345703125,3315.4072265625,37.991920471191406,-119.31195068359375,3304.900146484375,0.2887156009674072,84.0,1.0,0.17272864282131195,39.345123291015625,3283.587158203125,296981.1636976652,4207440.661332837
160,3331.110107421875,3332.533203125,3316.02197265625,3345.556884765625,37.991024017333984,-119.31204223632812,3344.60009765625,-0.05828165262937546,40.0,1.0,0.31326916813850403,83.27814483642578,3290.340576171875,296970.6507274401,4207341.37808466
161,3349.739501953125,3350.042236328125,3345.93408203125,3351.901611328125,37.9901237487793,-119.31214141845703,3349.800048828125,-0.7817180752754211,65.0,1.0,0.04053433611989021,51.534454345703125,3304.751220703125,296959.45702619565,4207241.688174791
162,3332.329345703125,3326.977783203125,3318.46728515625,3349.702392578125,37.98922348022461,-119.31224822998047,3322.400146484375,0.5091702342033386,25.0,1.0,-0.34097036719322205,133.29393005371094,3310.46484375,296947.59308983857,4207142.014937234
163,3313.573486328125,3313.55224609375,3312.779541015625,3315.01416015625,37.98832702636719,-119.31237030029297,3313.60009765625,0.6597167253494263,23.0,1.0,0.0038275192491710186,144.0684051513672,3304.572021484375,296934.3993352236,4207042.798360303
164,3321.39453125,3322.6650390625,3314.4833984375,3327.39501953125,37.9874267578125,-119.31246948242188,3.4028234663852886e+38,-0.20789404213428497,11.0,1.0,0.12865160405635834,301.9451904296875,3300.217041015625,296923.2051117332,4206943.108508917
165,3341.545166015625,3340.983154296875,3330.574951171875,3351.464599609375,37.98652648925781,-119.31256866455078,3340.300048828125,0.10996213555335999,18.0,1.0,0.2567627429962158,185.6417694091797,3304.61767578125,296912.0107250507,4206843.418676262
166,3359.6806640625,3359.312744140625,3351.859375,3370.2822265625,37.98563003540039,-119.31266784667969,3354.300048828125,0.4604780077934265,59.0,1.0,0.17653478682041168,56.94379425048828,3311.45849609375,296900.82669751416,4206744.152194257
167,3375.81884765625,3376.09326171875,3370.26416015625,3380.703125,37.9847297668457,-119.31275939941406,3380.10009765625,-0.094206303358078,14.0,1.0,0.15679940581321716,241.13009643554688,3310.961669921875,296890.30209761823,4206644.445742343
168,3546.80322265625,3543.5732421875,3534.186767578125,3564.09521484375,37.98112869262695,-119.31311798095703,3540.5,0.4334893822669983,26.0,1.0,-0.38153690099716187,136.41590881347656,3519.328369140625,296848.8723764629,4206245.60345208
169,3514.121826171875,3512.3212890625,3506.281494140625,3531.10302734375,37.980228424072266,-119.31324005126953,3506.300048828125,0.9989153146743774,50.0,1.0,-0.25223878026008606,70.2825698852539,3518.742431640625,296835.66643520596,4206145.963725056
170,3493.397705078125,3495.74072265625,3481.77197265625,3503.78369140625,37.979331970214844,-119.31336212158203,3.4028234663852886e+38,-0.31737786531448364,10.0,1.0,-0.3238534927368164,349.34039306640625,3490.948486328125,296822.47080552037,4206046.747352348
171,3446.854736328125,3440.275634765625,3431.751953125,3470.790283203125,37.97843551635742,-119.31348419189453,3.4028234663852886e+38,0.5690980553627014,15.0,1.0,-0.41752123832702637,229.7921905517578,3460.028564453125,296809.2749640962,4205947.531002267
172,3408.244384765625,3407.5458984375,3394.674560546875,3429.267578125,37.9775390625,-119.31360626220703,3398.699951171875,0.5411297082901001,26.0,1.0,-0.3821895122528076,131.08676147460938,3420.67138671875,296796.07891094184,4205848.314674816
173,3380.67919921875,3379.176025390625,3369.33203125,3393.592529296875,37.97663879394531,-119.31373596191406,3377.400146484375,0.32750287652015686,49.0,1.0,-0.2572043538093567,68.99359893798828,3386.30712890625,296782.2019342786,4205748.691701011
174,3358.551513671875,3360.95166015625,3340.908935546875,3368.191650390625,37.97574234008789,-119.31385040283203,3353.10009765625,-0.7866698503494263,44.0,1.0,-0.27081969380378723,76.3309097290039,3353.28466796875,296769.67564409727,4205649.458756379
175,3334.053466796875,3333.11376953125,3331.817138671875,3338.930419921875,37.97484588623047,-119.31397247314453,3333.10009765625,0.9312829971313477,39.0,1.0,-0.05912233516573906,85.48854064941406,3332.729736328125,296756.4789554564,4205550.242496851
176,3338.437255859375,3336.6845703125,3332.907470703125,3348.51318359375,37.97394561767578,-119.31407928466797,3343.699951171875,0.42039403319358826,26.0,1.0,0.14076432585716248,128.40158081054688,3325.2177734375,296744.61195171636,4205450.569599339
177,3365.092529296875,3363.794921875,3348.830078125,3379.7744140625,37.973045349121094,-119.31417083740234,3359.800048828125,0.31380730867385864,42.0,1.0,0.30103251338005066,80.12151336669922,3330.16748046875,296734.0852075473,4205350.863391425
178,3396.359619140625,3394.051513671875,3379.693115234375,3425.745849609375,37.972145080566406,-119.31427001953125,3.4028234663852886e+38,0.8029082417488098,27.0,1.0,0.44015613198280334,125.79199981689453,3352.5830078125,296722.88808897266,4205251.173866783
179,3455.281005859375,3457.290283203125,3431.47119140625,3458.5185546875,37.97124481201172,-119.3143539428711,3457.300048828125,-3.0097224712371826,43.0,1.0,0.17116770148277283,80.35548400878906,3387.663818359375,296713.03127926134,4205151.451028399
180,3453.974853515625,3451.610107421875,3450.1728515625,3470.56787109375,37.9703483581543,-119.31446075439453,3451.300048828125,1.907456398010254,64.0,1.0,0.14040660858154297,53.96841812133789,3421.365478515625,296701.17413367884,4205052.2015379295
181,3485.82470703125,3483.387451171875,3472.4287109375,3502.03369140625,37.96944808959961,-119.3145523071289,3500.400146484375,0.30534496903419495,31.0,1.0,0.3113507926464081,112.44649505615234,3454.224853515625,296690.6467867226,4204952.495401424
182,3515.3291015625,3514.35009765625,3503.83349609375,3530.0654296875,37.96854782104492,-119.31465148925781,3514.300048828125,0.2535964250564575,66.0,1.0,0.27966681122779846,53.26268005371094,3489.46533203125,296679.44903257093,4204852.805950413
183,3551.590576171875,3545.012939453125,3531.481689453125,3584.1787109375,37.967647552490234,-119.31474304199219,3532.400146484375,0.4565071165561676,31.0,1.0,0.5518332719802856,114.56892395019531,3525.76171875,296668.921384159,4204753.099849631
184,3617.443115234375,3625.466796875,3588.44580078125,3647.591796875,37.96674728393555,-119.3148193359375,3630.800048828125,-0.19035249948501587,15.0,1.0,0.8629381656646729,241.1658172607422,3566.627197265625,296659.7341431241,4204653.360428593
185,3735.0234375,3744.654052734375,3689.55810546875,3745.510009765625,37.965843200683594,-119.31488037109375,3744.10009765625,-1.4000461101531982,19.0,1.0,0.5891385078430176,196.58287048339844,3619.53076171875,296651.8768310036,4204553.164353894
186,3734.771484375,3734.68603515625,3727.12646484375,3743.902099609375,37.96494674682617,-119.31498718261719,3743.300048828125,0.23415014147758484,96.0,1.0,-0.17278921604156494,38.903907775878906,3675.536376953125,296640.01873294346,4204453.914973142
187,3721.3037109375,3721.09521484375,3714.768310546875,3726.684814453125,37.964046478271484,-119.31510162353516,3717.0,-0.01542535237967968,74.0,1.0,-0.11969275027513504,50.28792190551758,3709.728271484375,296627.4796260875,4204354.258951912
188,3711.755859375,3711.183837890625,3709.6796875,3715.54638671875,37.96315002441406,-119.31521606445312,3710.300048828125,0.6912601590156555,49.0,1.0,-0.05385221168398857,75.75012969970703,3722.49560546875,296614.95085198566,4204255.02628269
189,3707.837646484375,3707.97412109375,3705.739013671875,3709.805908203125,37.962249755859375,-119.31533813476562,3706.699951171875,-0.29829657077789307,61.0,1.0,-0.0368843600153923,60.784217834472656,3712.876953125,296601.7410357039,4204155.386975856
190,3705.503662109375,3705.46875,3704.954833984375,3706.1533203125,37.96135330200195,-119.31544494628906,3705.400146484375,0.13633960485458374,44.0,1.0,-0.0023124506697058678,84.21600341796875,3683.97998046875,296589.8821888492,4204056.137677084
191,3704.188232421875,3705.53076171875,3686.1435546875,3705.880615234375,37.960453033447266,-119.31555938720703,3705.5,-3.208998203277588,16.0,1.0,-0.19623690843582153,231.51194763183594,3654.132080078125,296577.34229921387,4203956.4817407895
192,3657.024169921875,3657.8193359375,3642.3095703125,3676.748046875,37.959556579589844,-119.31568908691406,3.4028234663852886e+38,0.34214329719543457,16.0,1.0,-0.3685780167579651,228.56504821777344,3628.868896484375,296563.4720584159,4203857.282504386
193,3615.88720703125,3614.63037109375,3596.930908203125,3638.97900390625,37.95866012573242,-119.31582641601562,3623.5,0.2770218849182129,42.0,1.0,-0.4617156982421875,86.09310150146484,3607.21826171875,296548.9312389231,4203758.099967063
194,3578.049072265625,3577.49169921875,3563.33837890625,3597.0478515625,37.957763671875,-119.31595611572266,3564.400146484375,0.2174995094537735,77.0,1.0,-0.332832932472229,46.46835708618164,3591.7705078125,296535.06053411297,4203658.900779778
195,3555.27294921875,3557.22705078125,3540.884521484375,3562.619384765625,37.95686721801758,-119.31607818603516,3547.800048828125,-0.6779831647872925,41.0,1.0,-0.27657005190849304,86.71409606933594,3574.744384765625,296521.8599685294,4203559.684940117
196,3403.131591796875,3400.13916015625,3380.948974609375,3440.76904296875,37.953277587890625,-119.31659698486328,3.4028234663852886e+38,0.5119940638542175,24.0,1.0,-0.7468169927597046,141.79893493652344,3471.131103515625,296466.3634589766,4203162.465195634
197,3358.445556640625,3358.726318359375,3332.917236328125,3369.953125,37.9523811340332,-119.31672668457031,3.4028234663852886e+38,-1.3841687440872192,17.0,1.0,-0.4751282334327698,197.5562744140625,3418.637451171875,296452.49139468384,4203063.266152494
198,3289.345947265625,3292.611328125,3272.342529296875,3300.58740234375,37.95148468017578,-119.3168716430664,3.4028234663852886e+38,-0.666758120059967,9.0,1.0,-0.3511273264884949,365.48455810546875,3366.82177734375,296437.2782700575,4202964.100496261
199,3243.379150390625,3240.5546875,3236.4384765625,3266.31494140625,37.95058822631836,-119.31700134277344,3238.5,1.9022674560546875,23.0,1.0,-0.3091628849506378,141.0167999267578,3315.72021484375,296423.40573371504,4202864.901503021
200,3230.324951171875,3228.768310546875,3227.14111328125,3236.31884765625,37.94968795776367,-119.31712341308594,3228.5,0.9422944784164429,31.0,1.0,-0.09225684404373169,104.2040786743164,3281.735107421875,296410.1928680318,4202765.262520828
201,3232.98876953125,3232.66845703125,3228.893310546875,3238.2998046875,37.94879150390625,-119.31723022460938,3237.60009765625,0.28339335322380066,39.0,1.0,0.10804951936006546,82.89716339111328,3267.510986328125,296398.33120626677,4202666.013523993
202,3241.1455078125,3240.732177734375,3238.305908203125,3245.33056640625,37.94789123535156,-119.31733703613281,3239.300048828125,0.3767181932926178,22.0,1.0,0.07099738717079163,147.32481384277344,3263.9521484375,296386.4588310898,4202566.341216983
203,3251.9755859375,3251.62841796875,3249.02294921875,3256.345947265625,37.94699478149414,-119.31745147705078,3249.400146484375,0.3500520586967468,25.0,1.0,0.10221002995967865,130.07908630371094,3269.96923828125,296373.9263543545,4202467.10894475
204,3263.402099609375,3261.54833984375,3257.8349609375,3271.76513671875,37.94609451293945,-119.31755828857422,3260.400146484375,0.2908836305141449,52.0,1.0,0.17800423502922058,62.757789611816406,3284.408203125,296362.0536126642,4202367.436678143
205,3282.684326171875,3282.65283203125,3271.804931640625,3293.93212890625,37.945194244384766,-119.31765747070312,3275.0,0.1507250964641571,34.0,1.0,0.23594345152378082,96.54972839355469,3302.738525390625,296350.8511653087,4202267.747745236
206,3320.744384765625,3320.749267578125,3318.783447265625,3323.628662109375,37.943397521972656,-119.31787109375,3321.10009765625,0.41603460907936096,31.0,1.0,0.031155647709965706,107.12077331542969,3348.692626953125,296327.1153380044,4202068.826640017
207,3327.567138671875,3326.19873046875,3324.030517578125,3335.14208984375,37.94249725341797,-119.31796264648438,3.4028234663852886e+38,0.9363167881965637,6.0,1.0,0.13862524926662445,554.5949096679688,3375.41796875,296316.582884138,4201969.121076264
208,3339.076171875,3339.11376953125,3337.944091796875,3340.019287109375,37.94160079956055,-119.31807708740234,3.4028234663852886e+38,-0.19159895181655884,5.0,1.0,-0.029570378363132477,667.8153076171875,3389.53759765625,296304.0493011479,4201869.888925517
209,3331.34619140625,3330.9931640625,3325.886962890625,3338.29931640625,37.94070053100586,-119.31819152832031,3325.900146484375,0.17695337533950806,46.0,1.0,-0.1270419955253601,72.42060089111328,3383.203125,296291.50498627493,4201770.233466292
210,3317.595947265625,3319.702880859375,3304.233642578125,3325.5693359375,37.93980407714844,-119.31831359863281,3.4028234663852886e+38,-0.6572616696357727,19.0,1.0,-0.2409263402223587,174.6107635498047,3368.79052734375,296278.3004901331,4201671.018047953
211,3306.475830078125,3305.39892578125,3303.48095703125,3313.448974609375,37.938907623291016,-119.31843566894531,3303.699951171875,1.0579167604446411,24.0,1.0,0.10018100589513779,137.76991271972656,3357.8408203125,296265.095782613,4201571.802652192
212,3323.069580078125,3321.53125,3313.51708984375,3338.23388671875,37.93800735473633,-119.31853485107422,3318.5,0.7298563122749329,22.0,1.0,0.25489693880081177,151.04904174804688,3350.056884765625,296253.891943301,4201472.113874938
213,3348.65478515625,3347.77197265625,3338.526611328125,3357.559814453125,37.93710708618164,-119.3186264038086,3347.800048828125,0.06370226293802261,26.0,1.0,0.06704068928956985,128.79457092285156,3341.625244140625,296243.3584885524,4201372.408424356
214,3333.2939453125,3334.8046875,3317.877197265625,3345.697265625,37.93621063232422,-119.31875610351562,3325.10009765625,-0.17137111723423004,72.0,1.0,-0.2782954275608063,46.2958869934082,3333.9736328125,296229.48264795635,4201273.209783923
215,3292.521484375,3290.050048828125,3254.736328125,3317.01318359375,37.9353141784668,-119.31889343261719,3315.300048828125,-0.20156525075435638,27.0,1.0,-0.633298933506012,121.94757080078125,3311.277587890625,296214.9360159586,4201174.027861224
216,3217.49755859375,3210.775390625,3166.5263671875,3251.484375,37.934417724609375,-119.31903839111328,3.4028234663852886e+38,-0.19215168058872223,10.0,1.0,-0.9352096915245056,321.76239013671875,3256.813232421875,296199.71856803854,4201074.862658832
217,3124.052001953125,3121.7958984375,3106.304931640625,3158.253662109375,37.93352127075195,-119.31918334960938,3.4028234663852886e+38,1.0982767343521118,28.0,1.0,-0.5572443604469299,111.57445526123047,3195.2978515625,296184.5008597346,4200975.697483993
218,3092.106201171875,3091.25732421875,3078.2919921875,3105.54541015625,37.93262481689453,-119.3193130493164,3082.300048828125,-0.022417625412344933,60.0,1.0,-0.2753240466117859,51.5352897644043,3146.847900390625,296170.6240675318,4200876.4989440655
219,3066.495361328125,3067.10205078125,3057.3134765625,3078.08349609375,37.93172836303711,-119.3194351196289,3058.60009765625,0.17034617066383362,60.0,1.0,-0.20953905582427979,51.1083869934082,3101.416748046875,296157.41764407675,4200777.283731216
220,3053.29931640625,3053.02685546875,3050.22509765625,3057.26904296875,37.93082809448242,-119.3195571899414,3050.400146484375,0.20803509652614594,44.0,1.0,-0.08863350003957748,69.39318084716797,3072.737060546875,296144.20046861115,4200677.645211809
221,3046.64208984375,3046.068603515625,3041.6005859375,3050.361328125,37.929931640625,-119.31966400146484,3045.400146484375,0.057162802666425705,71.0,1.0,-0.07758704572916031,42.91046905517578,3063.4052734375,296132.33484780486,4200578.396647225
222,3038.413818359375,3038.02587890625,3036.177490234375,3041.125244140625,37.92903137207031,-119.31977844238281,3037.10009765625,0.49112263321876526,47.0,1.0,-0.05008834972977638,64.64712524414062,3056.890625,296119.78788614855,4200478.741472471
223,3032.600830078125,3032.018310546875,3029.4619140625,3036.480224609375,37.92813491821289,-119.31989288330078,3034.400146484375,0.07351697236299515,37.0,1.0,-0.06935896724462509,81.96218872070312,3051.039794921875,296107.25127054367,4200379.5096479105
224,3002.922119140625,3002.091796875,2998.6181640625,3006.74462890625,37.925437927246094,-119.32023620605469,3001.60009765625,-0.011517595499753952,15.0,1.0,-0.09505976736545563,200.1948699951172,3023.834716796875,296069.61916918214,4200080.967643262
225,2993.210205078125,2993.319091796875,2988.34130859375,2996.18212890625,37.92454147338867,-119.32035064697266,2995.900146484375,-0.6343144178390503,28.0,1.0,-0.07042910158634186,106.90035247802734,3012.93310546875,296057.081773316,4199981.73590327
226,2984.569091796875,2983.87548828125,2982.07861328125,2987.67919921875,37.923641204833984,-119.32046508789062,2982.699951171875,0.1626090556383133,26.0,1.0,-0.06731843203306198,114.79116821289062,3001.866455078125,296044.5336394238,4199882.08085564
227,2977.39892578125,2977.08056640625,2974.6591796875,2981.911376953125,37.92274475097656,-119.32057189941406,2975.900146484375,0.7877970933914185,30.0,1.0,-0.06877455115318298,99.24665069580078,2992.189208984375,296032.6665317818,4199782.832454012
228,2970.86376953125,2970.314208984375,2968.259765625,2974.57763671875,37.921844482421875,-119.32068634033203,2969.199951171875,0.38322025537490845,33.0,1.0,-0.06653565168380737,90.02620697021484,2984.477294921875,296020.11801541405,4199683.177448056
229,2958.55712890625,2958.58642578125,2957.377685546875,2959.652587890625,37.920047760009766,-119.32091522216797,2958.699951171875,0.12320752441883087,47.0,1.0,-0.014751297421753407,62.94802474975586,2973.535888671875,295995.0309405688,4199484.290828326
230,2955.7685546875,2956.025390625,2953.287353515625,2958.38525390625,37.919151306152344,-119.3210220336914,2953.800048828125,-0.038937345147132874,38.0,1.0,-0.06036273017525673,77.78340911865234,2969.6650390625,295983.1630937805,4199385.042507831
231,2952.27783203125,2952.396728515625,2951.136962890625,2953.116943359375,37.917354583740234,-119.32124328613281,2952.699951171875,-0.3634370267391205,37.0,1.0,0.014232844114303589,79.7912826538086,2968.5029296875,295958.7455921215,4199186.139305647
232,2959.592529296875,2959.709716796875,2958.427978515625,2960.3974609375,37.91375732421875,-119.32166290283203,2960.300048828125,-0.3611137866973877,24.0,1.0,0.015713151544332504,123.31635284423828,2978.26220703125,295911.9100798025,4198787.859687197
233,2960.498779296875,2960.59619140625,2959.810791015625,2961.17724609375,37.91285705566406,-119.32176971435547,2960.60009765625,-0.14039349555969238,30.0,1.0,0.008466150611639023,98.68329620361328,2980.3818359375,295900.0304360513,4198688.18817712
234,2961.760009765625,2961.712890625,2961.40771484375,2962.23876953125,37.91196060180664,-119.3218765258789,2961.699951171875,0.43718627095222473,17.0,1.0,0.0006301853572949767,174.22117614746094,2981.16796875,295888.16116008,4198588.94001506
235,2956.7197265625,2956.337890625,2952.892333984375,2960.16943359375,37.91016387939453,-119.32209777832031,2956.5,0.13980314135551453,20.0,1.0,-0.07434805482625961,147.83602905273438,2978.973876953125,295863.74073252926,4198390.037135187
236,2948.722900390625,2948.681884765625,2947.9375,2949.933837890625,37.90656661987305,-119.32252502441406,2948.900146484375,0.5559712648391724,12.0,1.0,-0.021662361919879913,245.7269287109375,2967.6572265625,295816.2287378069,4197991.774861888
237,2945.339599609375,2945.628173828125,2940.524169921875,2948.29931640625,37.905670166015625,-119.32263946533203,2947.199951171875,-0.7530595064163208,20.0,1.0,-0.0767461284995079,147.26705932617188,2964.11865234375,295803.68736971787,4197892.543555262
238,2937.849365234375,2938.179443359375,2932.863037109375,2941.052001953125,37.90476989746094,-119.32273864746094,2938.10009765625,-0.8700613975524902,11.0,1.0,-0.08582945168018341,267.0773010253906,2958.7919921875,295792.4769420655,4197792.8555081375
239,2926.697021484375,2926.54345703125,2926.35205078125,2927.205322265625,37.90117645263672,-119.32317352294922,2926.900146484375,0.3693503141403198,7.0,1.0,0.031818561255931854,418.099609375,2941.18798828125,295744.30033191235,4197395.033757754
240,2906.236572265625,2904.88623046875,2904.09619140625,2909.524658203125,37.89937973022461,-119.32339477539062,2904.60009765625,0.4357737600803375,26.0,1.0,-0.06004498526453972,111.77835845947266,2930.66943359375,295719.87548488495,4197196.131363707
241,2898.093017578125,2896.29052734375,2895.192626953125,2902.267578125,37.8975830078125,-119.32361602783203,2895.900146484375,0.18293102085590363,23.0,1.0,-0.08078799396753311,126.00409698486328,2917.083740234375,295695.4498906749,4196997.22905147
242,2892.9541015625,2894.61376953125,2889.104248046875,2895.795654296875,37.895782470703125,-119.3238296508789,2895.0,-0.37321966886520386,20.0,1.0,-0.10586930066347122,144.6477508544922,2906.113037109375,295671.68392148515,4196797.886770305
243,2859.5615234375,2861.88720703125,2849.662841796875,2869.048095703125,37.893985748291016,-119.32405853271484,3.4028234663852886e+38,-0.06612914800643921,23.0,1.0,-0.17962497472763062,124.32905578613281,2888.244140625,295646.5859085253,4196599.001345164
244,2841.461181640625,2839.55029296875,2834.6259765625,2850.070556640625,37.893089294433594,-119.32416534423828,2846.400146484375,0.2023301124572754,26.0,1.0,-0.15946650505065918,109.28716278076172,2874.224853515625,295634.7128345296,4196499.753602444
245,2827.193359375,2825.900634765625,2821.769775390625,2833.38330078125,37.892189025878906,-119.32427978515625,2825.900146484375,0.48996293544769287,17.0,1.0,-0.1295131891965866,166.30563354492188,2856.560546875,295622.158072556,4196400.099278401
246,2816.388427734375,2816.630126953125,2810.794189453125,2822.622802734375,37.891292572021484,-119.32439422607422,2812.900146484375,0.26285314559936523,35.0,1.0,-0.12274734675884247,80.46830749511719,2842.032958984375,295609.61366867076,4196300.868302615
247,2808.243896484375,2808.55615234375,2802.9169921875,2811.552734375,37.8903923034668,-119.32450103759766,2803.699951171875,-0.9369179606437683,27.0,1.0,-0.07838200032711029,104.00907897949219,2831.4482421875,295597.7294896527,4196201.197293411
248,2798.41552734375,2798.18798828125,2794.750244140625,2801.269775390625,37.88859558105469,-119.32471466064453,2796.900146484375,-0.021884189918637276,22.0,1.0,-0.05263475701212883,127.20073699951172,2814.49365234375,295573.9711493277,4196002.27866147
249,2791.87060546875,2791.557861328125,2791.166748046875,2794.1171875,37.887699127197266,-119.32483673095703,2791.60009765625,1.6379108428955078,39.0,1.0,-0.024545976892113686,71.58643341064453,2808.2431640625,295560.7549933405,4195903.064497407
250,2790.915771484375,2790.70556640625,2789.361328125,2792.41064453125,37.88679885864258,-119.32493591308594,2789.400146484375,-0.06477070599794388,11.0,1.0,-0.033655863255262375,253.71963500976562,2803.593017578125,295549.541089101,4195803.376838679
251,2787.573974609375,2787.734130859375,2782.177978515625,2789.049560546875,37.88589859008789,-119.32503509521484,2787.300048828125,-2.5277905464172363,17.0,1.0,-0.05754385516047478,163.9749755859375,2799.707763671875,295538.32702248107,4195703.68919857
252,2771.913818359375,2770.87744140625,2768.8203125,2777.278564453125,37.88500213623047,-119.32514953613281,3.4028234663852886e+38,0.7535571455955505,7.0,1.0,-0.1851683408021927,395.9879455566406,2793.42626953125,295525.7813043028,4195604.45836632
253,2767.481201171875,2767.39453125,2766.29345703125,2769.227294921875,37.88410186767578,-119.32526397705078,3.4028234663852886e+38,0.3276207745075226,6.0,1.0,-0.21039524674415588,461.2469177246094,2784.404052734375,295513.2248360241,4195504.804228412
254,2742.36083984375,2742.3291015625,2741.15869140625,2743.60595703125,37.88230514526367,-119.32547760009766,2742.300048828125,0.189063161611557,11.0,1.0,-0.028266549110412598,249.30555725097656,2761.4541015625,295489.4639636671,4195305.885876079
255,2729.250244140625,2729.4716796875,2719.922119140625,2735.92578125,37.88140869140625,-119.32559967041016,2725.699951171875,-0.18704654276371002,24.0,1.0,-0.30898764729499817,113.71891021728516,2750.407958984375,295476.24642815173,4195206.671860774
256,2713.9248046875,2713.378662109375,2712.095703125,2716.94873046875,37.88050842285156,-119.32571411132812,3.4028234663852886e+38,0.5161672830581665,9.0,1.0,-0.191531702876091,301.5472717285156,2744.29541015625,295463.6891881197,4195107.017806706
257,2705.355224609375,2705.821044921875,2702.510009765625,2708.224609375,37.87961196899414,-119.32582092285156,2703.10009765625,-0.18361683189868927,25.0,1.0,-0.09031002223491669,108.21424102783203,2739.06005859375,295451.8133812834,4195007.770364931
258,2697.149658203125,2697.662353515625,2693.19482421875,2701.66455078125,37.87871170043945,-119.325927734375,2693.60009765625,-0.1397557109594345,21.0,1.0,-0.0838874876499176,128.4357452392578,2730.177734375,295439.9268389903,4194908.099616438
259,2684.45361328125,2684.91552734375,2680.260498046875,2687.337890625,37.876014709472656,-119.32625579833984,2684.900146484375,-0.4765435755252838,21.0,1.0,-0.09248308092355728,127.83116149902344,2705.586669921875,295403.60559395247,4194609.527554113
260,2665.91796875,2664.983642578125,2662.413330078125,2671.423828125,37.87421798706055,-119.32646942138672,2664.900146484375,0.5457797050476074,19.0,1.0,-0.09136784821748734,140.31155395507812,2693.28076171875,295379.8414439205,4194410.609562925
261,2662.287109375,2662.21142578125,2661.91845703125,2662.608642578125,37.87331771850586,-119.32657623291016,2662.60009765625,0.08222872763872147,10.0,1.0,0.011258941143751144,266.22869873046875,2685.1328125,295367.9538218251,4194310.938933906
262,2642.685302734375,2642.338623046875,2635.41162109375,2649.35302734375,37.87152099609375,-119.3268051147461,2639.400146484375,0.028583262115716934,45.0,1.0,-0.1337479054927826,58.726417541503906,2662.244384765625,295342.8463112595,4194112.054543722
263,2627.2734375,2626.92041015625,2620.58740234375,2635.15380859375,37.87062454223633,-119.32691955566406,2621.5,0.14232799410820007,30.0,1.0,-0.14005577564239502,87.57592010498047,2650.3935546875,295330.2975437982,4194012.824043292
264,2623.373291015625,2623.239501953125,2621.997802734375,2625.61767578125,37.86792755126953,-119.32722473144531,2622.10009765625,0.4712293744087219,28.0,1.0,0.033635757863521576,93.69190216064453,2626.79931640625,295295.98484162905,4193714.2022972815
265,2628.606201171875,2628.4697265625,2625.401123046875,2634.338623046875,37.867027282714844,-119.32733154296875,2628.5,0.5739779472351074,40.0,1.0,0.08178498595952988,65.71517181396484,2629.8857421875,295284.09596165566,4193614.5318074604
266,2642.080810546875,2642.42431640625,2633.81103515625,2649.04296875,37.86613082885742,-119.32743835449219,2648.699951171875,-0.19873611629009247,40.0,1.0,0.1779957264661789,66.05213165283203,2637.9130859375,295272.21746422246,4193515.2846632516
267,2656.229248046875,2656.03515625,2649.2734375,2663.03466796875,37.865230560302734,-119.32752990722656,2663.0,0.14794905483722687,34.0,1.0,0.16830962896347046,78.1244888305664,2650.307861328125,295261.67063171446,4193415.5807218887
268,2672.7470703125,2671.286376953125,2665.745361328125,2682.25634765625,37.86433029174805,-119.32763671875,2671.300048828125,0.4084191620349884,41.0,1.0,0.1749320775270462,65.1890640258789,2665.808837890625,295249.7812325884,4193315.9102901765
269,2693.14794921875,2692.614013671875,2684.969970703125,2702.763671875,37.86343002319336,-119.32772827148438,2700.699951171875,0.16483847796916962,30.0,1.0,0.20836760103702545,89.77181243896484,2683.51806640625,295239.23409206205,4193216.206384837
270,2710.53466796875,2709.65380859375,2704.988525390625,2720.066162109375,37.86252975463867,-119.32781982421875,2705.5,0.7556849122047424,32.0,1.0,0.15492534637451172,84.704345703125,2701.823486328125,295228.68680572644,4193116.5024969825
271,2728.81005859375,2730.939697265625,2720.32275390625,2734.70458984375,37.861629486083984,-119.32791900634766,2734.300048828125,-0.4198818802833557,31.0,1.0,0.14486299455165863,88.02628326416016,2717.43701171875,295217.46813861234,4193016.815374351
272,2744.78076171875,2746.139892578125,2734.66064453125,2753.75927734375,37.86073303222656,-119.3280258178711,2746.5,-0.29650646448135376,54.0,1.0,0.18522398173809052,50.82937240600586,2732.796142578125,295205.5886286752,4192917.5683442103
273,2763.135009765625,2764.14404296875,2753.217529296875,2773.116943359375,37.859832763671875,-119.328125,2761.199951171875,-0.04169360548257828,59.0,1.0,0.19507452845573425,46.832908630371094,2749.4296875,295194.36962925043,4192817.881259289
274,2782.402099609375,2781.904296875,2773.264404296875,2796.501220703125,37.85893249511719,-119.32821655273438,2795.300048828125,0.47404131293296814,61.0,1.0,0.23947028815746307,45.61328887939453,2767.878662109375,295183.82172718365,4192718.1774434187
275,2809.578857421875,2810.76513671875,2797.37548828125,2817.412353515625,37.8580322265625,-119.32830810546875,2816.900146484375,-0.6761971116065979,68.0,1.0,0.19394634664058685,41.31741714477539,2786.4345703125,295173.2736793428,4192618.4736450277
276,2830.931396484375,2832.363037109375,2818.11376953125,2836.807861328125,37.85713195800781,-119.32840728759766,2835.60009765625,-1.0648788213729858,62.0,1.0,0.20069634914398193,45.660274505615234,2806.675048828125,295162.05420982675,4192518.7866147035
277,2838.969970703125,2839.21435546875,2836.71142578125,2840.20556640625,37.85623550415039,-119.3285140991211,2839.699951171875,-0.8254638910293579,78.0,1.0,0.005008041858673096,36.39704895019531,2822.582763671875,295150.17385773815,4192419.539679478
278,2837.08544921875,2837.194091796875,2835.984375,2837.88720703125,37.8553352355957,-119.32862091064453,2837.5,-0.6071322560310364,49.0,1.0,-0.015420548617839813,57.899696350097656,2828.00341796875,295138.2827637213,4192319.8694387116
279,2833.003662109375,2832.615478515625,2830.1865234375,2836.033447265625,37.85443878173828,-119.32872772216797,2835.199951171875,0.13640093803405762,51.0,1.0,-0.05731600895524025,55.549102783203125,2828.3310546875,295126.40205540374,4192220.62254294
280,2827.61279296875,2827.775634765625,2826.727294921875,2828.37841796875,37.851741790771484,-119.32904815673828,2828.10009765625,-0.08470301330089569,19.0,1.0,0.015425114892423153,148.8217315673828,2826.75244140625,295090.7377326161,4191922.035323728
281,2832.0478515625,2831.087646484375,2829.958984375,2835.33056640625,37.8508415222168,-119.32916259765625,2830.0,0.4369643032550812,21.0,1.0,0.09580440074205399,134.8594512939453,2827.35205078125,295078.17441347195,4191822.3819369343
282,2840.17578125,2839.68212890625,2835.62890625,2845.05322265625,37.84994125366211,-119.32926177978516,2838.0,0.21284182369709015,66.0,1.0,0.09509113430976868,43.032981872558594,2829.9609375,295066.95358216413,4191722.695059752
283,2847.90283203125,2848.23388671875,2844.572998046875,2850.91259765625,37.84904479980469,-119.32936096191406,2848.900146484375,-0.2525709271430969,62.0,1.0,0.05722913518548012,45.933921813964844,2835.699462890625,295055.74315457547,4191623.431526067
284,2854.194580078125,2854.27978515625,2850.52392578125,2857.615478515625,37.84814453125,-119.3294677734375,2857.60009765625,0.05173742026090622,53.0,1.0,0.07259952276945114,53.852752685546875,2843.84033203125,295043.8506416348,4191523.761442875
285,2862.66650390625,2861.7568359375,2857.7373046875,2867.69189453125,37.84724807739258,-119.32957458496094,2860.10009765625,0.30227792263031006,56.0,1.0,0.09605250507593155,51.119083404541016,2852.77783203125,295031.96851658786,4191424.514704298
286,2873.323974609375,2872.1083984375,2867.191650390625,2882.132568359375,37.84634780883789,-119.32967376708984,2869.300048828125,0.5459263920783997,46.0,1.0,0.14230293035507202,62.4636344909668,2863.488525390625,295020.747021057,4191324.827902482
287,2891.587890625,2891.53173828125,2883.66015625,2903.659423828125,37.8454475402832,-119.32977294921875,2897.0,0.46481892466545105,32.0,1.0,0.21480794250965118,90.36228942871094,2880.153076171875,295009.52536346857,4191225.1411192357
288,2924.079833984375,2926.4658203125,2904.315185546875,2937.30517578125,37.844547271728516,-119.32986450195312,2932.0,-0.4118868112564087,49.0,1.0,0.36346229910850525,59.67544174194336,2902.962890625,294998.9749342541,4191125.437595302
289,2955.742431640625,2959.1630859375,2940.350830078125,2967.78515625,37.84364700317383,-119.3299560546875,3.4028234663852886e+38,-0.4094288647174835,29.0,1.0,0.30623918771743774,101.922607421875,2926.821044921875,294988.4243593738,4191025.7340888344
290,2979.3310546875,2979.50341796875,2967.412109375,2989.72802734375,37.84274673461914,-119.3300552368164,2988.800048828125,-0.06347624212503433,66.0,1.0,0.2283187359571457,45.14151382446289,2954.965087890625,294977.2022320288,4190926.0473601385
291,2998.34033203125,2996.9091796875,2990.160888671875,3007.7744140625,37.84185028076172,-119.33015441894531,3006.900146484375,0.3023712933063507,42.0,1.0,0.2431829869747162,71.38917541503906,2979.57080078125,294965.99051034485,4190826.7839745595
292,3003.5947265625,3002.971435546875,2999.193603515625,3008.857666015625,37.84095001220703,-119.33026123046875,3005.300048828125,0.15612059831619263,32.0,1.0,-0.14421534538269043,93.86238098144531,2990.492431640625,294954.0966360243,4190727.114044476
293,2993.402587890625,2993.38525390625,2987.892333984375,2999.134765625,37.840049743652344,-119.33036804199219,2998.400146484375,0.08181218802928925,52.0,1.0,-0.11475648730993271,57.56548309326172,2992.641845703125,294942.20258330763,4190627.4441341744
294,2982.01171875,2981.493408203125,2978.191162109375,2987.94970703125,37.83915328979492,-119.33048248291016,2978.199951171875,0.42182356119155884,37.0,1.0,-0.08898098766803741,80.59496307373047,2988.79052734375,294929.64748120244,4190528.2143309074
295,2973.575439453125,2973.723876953125,2967.522216796875,2978.419189453125,37.838253021240234,-119.33059692382812,2974.199951171875,-0.4328455626964569,56.0,1.0,-0.09502887725830078,53.09957504272461,2977.006103515625,294917.0816160984,4190428.5612242892
296,2962.756591796875,2964.072509765625,2957.528076171875,2968.004638671875,37.83735656738281,-119.33070373535156,2964.10009765625,-0.37859097123146057,45.0,1.0,-0.10459583252668381,65.83908081054688,2963.874755859375,294905.1975812349,4190329.314698861
297,2951.782470703125,2951.98291015625,2944.752197265625,2957.24462890625,37.83646011352539,-119.33082580566406,2953.300048828125,-0.07921834290027618,83.0,1.0,-0.1096017137169838,35.563663482666016,2952.730224609375,294891.9704405366,4190230.1017228994
298,2939.48974609375,2939.50341796875,2934.594970703125,2945.06396484375,37.8355598449707,-119.33094024658203,2936.5,0.22161410748958588,74.0,1.0,-0.10293698310852051,39.72285842895508,2941.431884765625,294879.4039917942,4190130.448679488
299,2927.8583984375,2929.2998046875,2919.60400390625,2934.57421875,37.834659576416016,-119.3310546875,2932.300048828125,-0.319175124168396,68.0,1.0,-0.15515951812267303,43.05680465698242,2928.752685546875,294866.83734831866,4190030.7956571765
300,2912.196533203125,2912.3271484375,2905.240478515625,2919.869384765625,37.833763122558594,-119.33116912841797,2906.10009765625,-0.007892903871834278,64.0,1.0,-0.14330047369003296,45.50313186645508,2915.39501953125,294854.28108048666,4189931.5659800963
301,2897.126220703125,2897.059814453125,2892.178466796875,2904.804443359375,37.83286666870117,-119.33128356933594,2897.800048828125,0.5456715226173401,47.0,1.0,-0.1278456151485443,61.64103698730469,2901.8896484375,294841.7246185472,4189832.336324021
302,2887.01513671875,2887.124267578125,2880.756103515625,2892.37548828125,37.831966400146484,-119.3313980102539,2889.800048828125,-0.12427202612161636,60.0,1.0,-0.12569305300712585,48.116947174072266,2887.211181640625,294829.15739152883,4189732.6833649036
303,2878.668701171875,2878.64306640625,2878.046142578125,2879.52685546875,37.830169677734375,-119.33161163330078,2878.699951171875,0.47435563802719116,19.0,1.0,-0.002308501396328211,151.5088653564453,2870.68115234375,294805.3759674481,4189533.7672944665
304,2882.986083984375,2882.8779296875,2882.30517578125,2884.244873046875,37.828372955322266,-119.33183288574219,2882.60009765625,1.0401479005813599,17.0,1.0,0.03737057000398636,169.58743286132812,2871.475830078125,294780.9222936458,4189334.8680738737
305,2884.0751953125,2884.0966796875,2883.706787109375,2884.48974609375,37.82747268676758,-119.3319320678711,2883.800048828125,0.09080424159765244,30.0,1.0,-0.003534003859385848,96.1358413696289,2877.55908203125,294769.69720990304,4189235.1816748115
306,2884.400634765625,2883.849853515625,2882.984619140625,2887.142333984375,37.82657241821289,-119.33203125,2885.0,0.81056147813797,31.0,1.0,0.04014355689287186,93.0451889038086,2885.197021484375,294758.4719642513,4189135.4952942994
307,2890.888671875,2891.375732421875,2887.16455078125,2897.08154296875,37.82567596435547,-119.3321533203125,2891.5,0.3607701063156128,25.0,1.0,0.12348973751068115,115.63561248779297,2893.36279296875,294745.24244318693,4189036.2825744804
308,2902.634521484375,2901.216796875,2897.416748046875,2908.823486328125,37.82477569580078,-119.3322525024414,2901.10009765625,0.6455811262130737,24.0,1.0,0.11426548659801483,120.94320678710938,2905.4453125,294734.01684941235,4188936.5962327584
309,2916.126220703125,2915.4990234375,2910.19775390625,2920.045654296875,37.823875427246094,-119.33235168457031,2914.900146484375,-0.4645639657974243,21.0,1.0,0.1628878116607666,138.8632354736328,2923.254150390625,294722.79109375016,4188836.909909584
310,2932.415283203125,2931.501220703125,2927.5,2940.8876953125,37.82297897338867,-119.33245849609375,2932.400146484375,0.8795598149299622,36.0,1.0,0.12501925230026245,81.4560546875,2943.3427734375,294710.9041631877,4188737.6637031925
311,2952.2265625,2954.23095703125,2942.9482421875,2961.148681640625,37.822078704833984,-119.33255004882812,2954.800048828125,-0.02778507024049759,16.0,1.0,0.18698538839817047,184.5146026611328,2963.3232421875,294700.34967063635,4188637.96064241
312,2971.67041015625,2969.119384765625,2961.579833984375,2983.99072265625,37.8211784362793,-119.33265686035156,3.4028234663852886e+38,0.24168792366981506,15.0,1.0,0.28017932176589966,198.11204528808594,2984.912109375,294688.45182658365,4188538.2911506384
313,3002.798583984375,3001.13671875,2993.4404296875,3018.732177734375,37.82027816772461,-119.33274841308594,3002.300048828125,0.8748988509178162,12.0,1.0,0.347065269947052,250.2339630126953,3007.281982421875,294677.89702667936,4188438.5881257863
314,3036.43994140625,3036.65673828125,3023.9755859375,3045.09912109375,37.81937789916992,-119.33283996582031,3044.300048828125,-0.35218608379364014,16.0,1.0,0.21519909799098969,189.778076171875,3032.81103515625,294667.34208129393,4188338.885118376
315,3048.961181640625,3049.7080078125,3045.137451171875,3052.420654296875,37.8184814453125,-119.33294677734375,3050.60009765625,-0.2784254252910614,33.0,1.0,0.058962631970644,92.39279174804688,3051.6650390625,294655.4543101002,4188239.6390066864
316,3064.76318359375,3065.36767578125,3058.822509765625,3070.0673828125,37.81668472290039,-119.33316040039062,3068.400146484375,-0.11660148203372955,36.0,1.0,0.10664878785610199,85.13237762451172,3071.663330078125,294631.6676593786,4188040.723519036
317,3074.246826171875,3073.074462890625,3070.511962890625,3079.63134765625,37.8157844543457,-119.33325958251953,3071.60009765625,0.5084303617477417,16.0,1.0,0.10559076070785522,192.1405487060547,3079.98046875,294620.4404313781,4187941.0373637658
318,3077.642578125,3077.544677734375,3076.433837890625,3079.25390625,37.814884185791016,-119.33336639404297,3077.0,0.6129106879234314,47.0,1.0,-0.02525147795677185,65.48176574707031,3086.0126953125,294608.541381323,4187841.3680070094
319,3079.144775390625,3078.66455078125,3077.71826171875,3081.707763671875,37.813987731933594,-119.3334732055664,3078.60009765625,0.7135836482048035,48.0,1.0,0.039300013333559036,64.14887237548828,3089.63330078125,294596.65272918856,4187742.121993123
320,3084.9296875,3085.217041015625,3081.483154296875,3089.388916015625,37.813087463378906,-119.33358764648438,3085.60009765625,0.1324160099029541,48.0,1.0,0.06687448173761368,64.26936340332031,3091.212646484375,294584.08164647466,4187642.4694571206
321,3092.722412109375,3092.89501953125,3089.5576171875,3096.613525390625,37.81218719482422,-119.33368682861328,3094.5,0.08406107872724533,34.0,1.0,0.09376028180122375,90.96245574951172,3095.882080078125,294572.85373874346,4187542.7833782653
322,3103.718505859375,3104.13623046875,3101.640869140625,3105.16943359375,37.81039047241211,-119.33390045166016,3104.400146484375,-0.3911832273006439,42.0,1.0,0.03329593315720558,73.89805603027344,3112.0927734375,294549.0646128414,4187343.868165328
323,3106.780029296875,3106.025146484375,3104.646728515625,3111.033203125,37.80949401855469,-119.3340072631836,3107.699951171875,0.7601127028465271,34.0,1.0,0.06595902144908905,91.37590789794922,3117.2060546875,294537.1750717984,4187244.622249851
324,3111.453125,3111.43212890625,3110.701171875,3112.244873046875,37.80859375,-119.33411407470703,3111.199951171875,0.1520528942346573,21.0,1.0,0.009329029358923435,148.1644287109375,3120.93408203125,294525.2747754425,4187144.9530311837
325,3111.281982421875,3111.302978515625,3110.750244140625,3111.572509765625,37.80769348144531,-119.334228515625,3111.300048828125,-1.133382797241211,15.0,1.0,-0.002429138869047165,207.41883850097656,3122.984619140625,294512.70257534005,4187045.30061736
326,3108.560791015625,3108.05712890625,3107.158203125,3110.656494140625,37.80679702758789,-119.33433532714844,3110.300048828125,0.4779432713985443,18.0,1.0,0.005736158695071936,172.69784545898438,3123.197509765625,294500.8124928386,4186946.05476156
327,3109.271240234375,3108.06103515625,3107.85107421875,3111.482177734375,37.8058967590332,-119.33444213867188,3108.10009765625,0.28738799691200256,7.0,1.0,-0.0687442347407341,444.1816101074219,3124.93310546875,294488.91165420366,4186846.3856027033
328,3105.563720703125,3105.19677734375,3104.457763671875,3107.487548828125,37.80500030517578,-119.33455657958984,3105.199951171875,1.0342999696731567,12.0,1.0,-0.022343982011079788,258.7969665527344,3128.79443359375,294476.3494661899,4186747.156573303
329,3108.33154296875,3108.14111328125,3105.1796875,3113.27294921875,37.804100036621094,-119.33466339111328,3109.300048828125,0.5121126174926758,20.0,1.0,0.08860863745212555,155.41661071777344,3132.3818359375,294464.448263433,4186647.4874545117
330,3117.343017578125,3117.900390625,3114.920654296875,3118.93017578125,37.803199768066406,-119.33477020263672,3.4028234663852886e+38,-0.4115106463432312,6.0,1.0,0.05560515075922012,519.5572509765625,3134.3349609375,294452.54688258725,4186547.818355455
331,3125.010986328125,3124.8173828125,3121.8486328125,3128.21630859375,37.802303314208984,-119.33487701416016,3124.800048828125,0.10082574188709259,28.0,1.0,0.07857081294059753,111.60753631591797,3138.007568359375,294440.6559033294,4186448.5725986585
332,3139.94140625,3139.68408203125,3138.229248046875,3142.168701171875,37.8014030456543,-119.33497619628906,3139.400146484375,0.4993430972099304,8.0,1.0,0.0753953605890274,392.4927062988281,3146.306396484375,294429.4259493953,4186348.886749434
333,3139.15380859375,3139.375244140625,3137.252685546875,3140.972900390625,37.800506591796875,-119.3350830078125,3.4028234663852886e+38,-0.020824076607823372,9.0,1.0,-0.09893561154603958,348.7949523925781,3157.139892578125,294417.53462295205,4186249.641031334
334,3135.873046875,3135.739501953125,3134.268798828125,3138.61376953125,37.79960632324219,-119.33519744873047,3136.400146484375,0.8698902130126953,23.0,1.0,0.04705078899860382,136.3423309326172,3165.189453125,294404.9607394022,4186149.98880135
335,3147.75634765625,3147.694580078125,3142.093505859375,3153.8486328125,37.7987060546875,-119.33529663085938,3153.800048828125,0.17819049954414368,35.0,1.0,0.1447184830904007,89.9359359741211,3171.537841796875,294393.73027606745,4186050.3030093764
336,3150.4306640625,3150.705322265625,3146.3125,3153.87939453125,37.79780960083008,-119.33541107177734,3151.900146484375,-0.404500812292099,31.0,1.0,-0.10147692263126373,101.6268081665039,3171.12109375,294381.16660107404,4185951.0741424146
337,3140.631591796875,3140.98974609375,3134.48291015625,3146.59716796875,37.79690933227539,-119.33552551269531,3135.900146484375,-0.04597116634249687,70.0,1.0,-0.12045729905366898,44.8661994934082,3159.27490234375,294368.59215095616,4185851.421974164
338,3133.154541015625,3133.15380859375,3131.28662109375,3135.133544921875,37.79601287841797,-119.33563995361328,3134.5,-0.009413606487214565,57.0,1.0,0.005837594624608755,54.967613220214844,3147.9248046875,294356.02808806923,4185752.193149167
339,3146.9482421875,3143.591064453125,3135.267333984375,3173.81396484375,37.79511260986328,-119.33573913574219,3138.5,0.9998132586479187,51.0,1.0,0.3816440999507904,61.70525360107422,3146.715576171875,294344.7969294342,4185652.5074346396
340,3225.496337890625,3237.560546875,3181.63232421875,3247.63232421875,37.794212341308594,-119.3358154296875,3.4028234663852886e+38,-0.7816782593727112,9.0,1.0,0.7744949460029602,358.3964538574219,3156.974853515625,294335.58115363296,4185552.7713548127
341,3303.633056640625,3307.540283203125,3274.9189453125,3321.394775390625,37.793312072753906,-119.33589935302734,3.4028234663852886e+38,-0.6953977942466736,12.0,1.0,0.6730395555496216,275.3055114746094,3197.998046875,294325.69340892567,4185453.052085488
342,3419.248779296875,3419.22412109375,3406.731689453125,3425.504638671875,37.791507720947266,-119.33605194091797,3415.699951171875,-0.6772500276565552,28.0,1.0,-0.3005346357822418,122.11617279052734,3341.497314453125,294307.25069574476,4185253.156682391
343,3408.830810546875,3407.784912109375,3404.9951171875,3412.70849609375,37.787017822265625,-119.33660125732422,3411.699951171875,0.0756436139345169,15.0,1.0,0.10090585052967072,227.25547790527344,3390.033935546875,294246.41805031896,4184756.116283617
344,3396.413818359375,3396.248046875,3380.86181640625,3411.572998046875,37.78611755371094,-119.33671569824219,3.4028234663852886e+38,8.215182606363669e-05,6.0,1.0,-0.3464251458644867,566.0731201171875,3421.168212890625,294233.84146523353,4184656.464351246
345,3373.63037109375,3374.058349609375,3369.583251953125,3378.7275390625,37.785221099853516,-119.33684539794922,3.4028234663852886e+38,0.06820496171712875,8.0,1.0,-0.175451397895813,421.7040100097656,3432.995849609375,294219.93141055235,4184557.269362604
346,3360.901123046875,3360.07861328125,3357.397705078125,3366.056396484375,37.78432083129883,-119.33695983886719,3357.900146484375,0.4356021285057068,19.0,1.0,-0.10252045840024948,176.8896026611328,3420.3388671875,294207.35442080384,4184457.617473633
347,3358.872802734375,3358.2177734375,3357.876708984375,3360.56494140625,37.783424377441406,-119.33706665039062,3357.900146484375,0.526909351348877,7.0,1.0,0.052094243466854095,479.83905029296875,3398.41943359375,294195.4597680808,4184358.372125323
348,3338.206298828125,3337.626220703125,3330.181884765625,3352.0341796875,37.78252410888672,-119.33718872070312,3332.400146484375,0.7122461795806885,23.0,1.0,-0.35187655687332153,145.1396026611328,3372.875244140625,294182.21044386807,4184258.737080303
349,3323.58837890625,3323.87744140625,3319.4443359375,3326.9677734375,37.7816276550293,-119.33731079101562,3324.699951171875,-0.4121985137462616,16.0,1.0,-0.2624130845069885,207.7243194580078,3341.958251953125,294168.97149478085,4184159.52537921
350,3261.808349609375,3261.45703125,3238.21142578125,3282.353515625,37.780731201171875,-119.33744812011719,3.4028234663852886e+38,-0.07856585830450058,25.0,1.0,-0.47187721729278564,130.47366333007812,3306.413330078125,294154.3883943963,4184060.347308857
351,3225.552734375,3223.5751953125,3217.298828125,3236.86865234375,37.77983474731445,-119.33757781982422,3223.199951171875,0.35935771465301514,77.0,1.0,-0.20838837325572968,41.8903694152832,3261.806640625,294140.47703029995,4183961.152459002
352,3198.894775390625,3213.593505859375,3169.960693359375,3216.471435546875,37.778934478759766,-119.33768463134766,3214.0,-0.2877468466758728,28.0,1.0,-0.48663651943206787,114.24803924560547,3220.412109375,294128.57081406494,4183861.4838944674
353,3146.4599609375,3152.5029296875,3119.893798828125,3170.451904296875,37.778038024902344,-119.33782196044922,3163.199951171875,-0.29773908853530884,27.0,1.0,-0.5373493432998657,116.53716278076172,3177.306640625,294113.98702644027,4183762.3058965774
354,3088.619873046875,3082.6806640625,3074.4013671875,3113.785400390625,37.77714157104492,-119.33795928955078,3.4028234663852886e+38,0.6776478290557861,29.0,1.0,-0.40013375878334045,106.50494384765625,3137.615966796875,294099.4029963055,4183663.1279242453
355,3059.00390625,3053.87890625,3046.402099609375,3074.76220703125,37.7762451171875,-119.33808898925781,3.4028234663852886e+38,0.4383445978164673,24.0,1.0,-0.3278341293334961,127.45926666259766,3098.603515625,294085.49073511723,4183563.93316927
356,3035.392822265625,3034.52099609375,3027.866943359375,3041.52294921875,37.77534866333008,-119.33820343017578,3040.699951171875,0.09992145746946335,43.0,1.0,-0.18277640640735626,70.5905990600586,3063.106201171875,294072.9222869214,4183464.704820363
357,3021.174560546875,3020.1796875,3018.940185546875,3024.781005859375,37.77444839477539,-119.33832550048828,3019.300048828125,0.4215589761734009,58.0,1.0,-0.05929705873131752,52.08922576904297,3041.595458984375,294059.671028744,4183365.069980858
358,3020.43310546875,3020.33642578125,3019.876953125,3021.482666015625,37.77355194091797,-119.33843231201172,3020.10009765625,1.0283584594726562,42.0,1.0,0.015308098867535591,71.9150619506836,3033.382080078125,294047.7742208212,4183265.824864284
359,3009.888427734375,3008.1484375,3002.646484375,3021.1435546875,37.77265167236328,-119.33853912353516,3.4028234663852886e+38,0.506942093372345,25.0,1.0,-0.2457050234079361,120.39581298828125,3023.63037109375,294035.86664642184,4183166.156446301
360,2989.761474609375,2988.746337890625,2982.222412109375,3001.33154296875,37.77175521850586,-119.33866882324219,2982.800048828125,0.2824740707874298,38.0,1.0,-0.19941645860671997,78.67811584472656,3009.172119140625,294021.95332692796,4183066.9618037436
361,2984.399169921875,2982.767822265625,2982.05322265625,2990.724609375,37.77085494995117,-119.33877563476562,2982.60009765625,1.214134931564331,37.0,1.0,0.09015864133834839,80.65947723388672,3001.244873046875,294010.04537261795,4182967.293427009
362,3046.96875,3049.2275390625,3037.82177734375,3052.142822265625,37.768157958984375,-119.33907318115234,3052.10009765625,-0.6798386573791504,16.0,1.0,0.22129365801811218,190.43580627441406,3036.65380859375,293976.3472882334,4182668.661293425
363,3060.870361328125,3062.38525390625,3052.72216796875,3067.35107421875,37.76725769042969,-119.33917999267578,3066.900146484375,-0.20250986516475677,27.0,1.0,0.17925921082496643,113.36571502685547,3057.607666015625,293964.43864752736,4182568.99299353
364,3044.606689453125,3042.698486328125,3031.35107421875,3063.552978515625,37.766361236572266,-119.33928680419922,3.4028234663852886e+38,0.3466144800186157,19.0,1.0,-0.645653247833252,160.24349975585938,3066.93212890625,293952.5404201008,4182469.7480340237
365,3017.36328125,3018.301025390625,3008.628173828125,3025.009765625,37.76546096801758,-119.33940887451172,3020.10009765625,-0.46372857689857483,70.0,1.0,-0.16829811036586761,43.105228424072266,3060.5107421875,293939.2872052827,4182370.1134054377
366,3003.00537109375,3001.614501953125,2999.814453125,3009.030029296875,37.764564514160156,-119.33952331542969,3001.10009765625,0.8178321719169617,43.0,1.0,-0.1019846647977829,69.83737182617188,3052.2890625,293926.716489278,4182270.8853031425
367,3015.55029296875,3013.57861328125,3007.037841796875,3024.38134765625,37.76276779174805,-119.3397445678711,3008.60009765625,0.08276373893022537,17.0,1.0,0.15784591436386108,177.3856201171875,3042.525390625,293902.2360183281,4182071.9890227136
368,3034.83251953125,3031.989013671875,3027.370849609375,3049.9375,37.76186752319336,-119.33983612060547,3.4028234663852886e+38,0.7192021608352661,17.0,1.0,0.29201123118400574,178.5201416015625,3058.779052734375,293891.67056325474,4181972.2872061026
369,3079.997314453125,3073.107421875,3068.09619140625,3098.40234375,37.76096725463867,-119.33992767333984,3.4028234663852886e+38,0.4949025809764862,6.0,1.0,0.5020766854286194,513.3374633789062,3088.990966796875,293881.1049631503,4181872.5854068687
370,3125.349365234375,3127.1396484375,3112.372802734375,3131.8564453125,37.760066986083984,-119.34001922607422,3.4028234663852886e+38,-0.8772404193878174,14.0,1.0,0.382384330034256,223.2396697998047,3121.087158203125,293870.53921801684,4181772.883625011
371,3178.24658203125,3181.125,3163.094482421875,3188.972900390625,37.7591667175293,-119.34009552001953,3188.400146484375,-0.28173577785491943,8.0,1.0,0.5660009384155273,397.283203125,3162.695556640625,293861.3176610117,4181673.148220368
372,3191.277099609375,3191.60205078125,3185.91845703125,3192.853515625,37.75826644897461,-119.34019470214844,3191.400146484375,-2.0877339839935303,21.0,1.0,-0.01684609428048134,151.96560668945312,3188.06982421875,293850.0794674445,4181573.463292794
373,3158.638916015625,3156.594970703125,3128.693603515625,3184.78076171875,37.75736999511719,-119.34033203125,3.4028234663852886e+38,0.0917041152715683,19.0,1.0,-0.6892590522766113,166.24642944335938,3181.11962890625,293835.4907915259,4181474.2858105167
374,3102.845458984375,3100.686767578125,3090.06396484375,3122.507080078125,37.756473541259766,-119.3404541015625,3.4028234663852886e+38,0.25328072905540466,24.0,1.0,-0.36709070205688477,129.28591918945312,3162.07177734375,293822.246255378,4181375.0747092627
375,3080.06201171875,3080.382568359375,3073.01416015625,3086.9228515625,37.75557327270508,-119.340576171875,3074.900146484375,-0.08308660238981247,35.0,1.0,-0.15072502195835114,88.0018539428711,3141.13427734375,293808.99091519444,4181275.4403101993
376,3064.838134765625,3063.5146484375,3056.811279296875,3073.41064453125,37.754676818847656,-119.34068298339844,3060.400146484375,0.17568780481815338,27.0,1.0,-0.18089044094085693,113.51271057128906,3113.9765625,293797.0903739857,4181176.195606412
377,3052.4443359375,3052.032470703125,3048.90185546875,3056.718017578125,37.753780364990234,-119.34080505371094,3050.900146484375,0.10871055722236633,26.0,1.0,-0.07334677129983902,117.40174102783203,3094.87646484375,293783.84522464173,4181076.984570729
378,3048.784912109375,3048.73974609375,3048.038330078125,3049.533203125,37.75288009643555,-119.3409194946289,3048.699951171875,0.306968629360199,25.0,1.0,0.0018549524247646332,121.95138549804688,3084.656494140625,293771.2614940207,4180977.33341234
379,3049.587646484375,3049.611328125,3048.890869140625,3050.07421875,37.75197982788086,-119.34101867675781,3049.699951171875,-0.28979504108428955,36.0,1.0,-0.005730310920625925,84.71076965332031,3076.052978515625,293760.0220330809,4180877.6486236793
380,3034.05419921875,3035.021484375,3018.159423828125,3038.798828125,37.75018310546875,-119.34123992919922,3034.5,-1.843448519706726,20.0,1.0,-0.21542079746723175,151.7029266357422,3061.94287109375,293735.5364787381,4180678.7529020724
381,3007.429931640625,3005.944091796875,3001.125244140625,3016.324462890625,37.74928665161133,-119.34136199951172,3003.5,0.5742186307907104,55.0,1.0,-0.137498676776886,54.680599212646484,3044.704345703125,293722.29033697303,4180579.541972989
382,3000.266357421875,3000.06982421875,2999.149658203125,3001.93115234375,37.74838638305664,-119.34147644042969,3000.300048828125,0.686494767665863,20.0,1.0,0.005634461063891649,150.01333618164062,3025.323974609375,293709.70565332856,4180479.8909180956
383,3014.24462890625,3006.41748046875,3001.371826171875,3043.087890625,37.74748611450195,-119.34156799316406,3003.60009765625,0.5882073640823364,20.0,1.0,0.4358080327510834,150.7136688232422,3027.49951171875,293699.1375936714,4180380.1893974035
384,3096.095703125,3095.562255859375,3055.85498046875,3135.492919921875,37.746585845947266,-119.34164428710938,3.4028234663852886e+38,-0.0719810351729393,17.0,1.0,0.9219440221786499,182.12974548339844,3051.078369140625,293689.91395073675,4180280.4542354476
385,3284.203125,3277.3212890625,3256.075439453125,3319.9248046875,37.744781494140625,-119.3417739868164,3.4028234663852886e+38,0.3737199902534485,25.0,1.0,0.8005043268203735,131.37109375,3177.595947265625,293673.47262250213,4180080.5101484247
386,3377.752685546875,3377.189697265625,3372.89404296875,3382.1240234375,37.74298095703125,-119.3419418334961,3373.800048828125,-0.006320792715996504,41.0,1.0,-0.097934789955616,82.3842544555664,3326.9765625,293653.67997274233,4179881.0735921855
387,3366.5546875,3365.59716796875,3361.744384765625,3372.677490234375,37.74208450317383,-119.34204864501953,3364.900146484375,0.6559716463088989,40.0,1.0,-0.09461597353219986,84.16389465332031,3375.2958984375,293641.77708766144,4179781.8291522698
388,3347.7998046875,3347.406982421875,3333.727783203125,3361.902099609375,37.74118423461914,-119.34217071533203,3.4028234663852886e+38,0.08235228806734085,17.0,1.0,-0.2951675355434418,196.93019104003906,3383.831787109375,293628.51876783575,4179682.195076859
389,3314.47314453125,3312.10498046875,3302.956787109375,3333.197021484375,37.74028778076172,-119.34229278564453,3305.300048828125,0.5095749497413635,73.0,1.0,-0.2915433645248413,45.40391540527344,3355.48193359375,293615.27083616867,4179582.9843432186
390,3294.956298828125,3294.39599609375,3288.500244140625,3303.654296875,37.7393913269043,-119.3424072265625,3290.10009765625,0.21584971249103546,80.0,1.0,-0.1547100991010666,41.186988830566406,3331.984130859375,293602.69504104974,4179483.7567982147
391,3297.431884765625,3298.066650390625,3290.968505859375,3302.9248046875,37.73849105834961,-119.34251403808594,3302.699951171875,-0.010674754157662392,54.0,1.0,0.12406909465789795,61.063594818115234,3322.931640625,293590.7808079126,4179384.0891205156
392,3304.260009765625,3304.2685546875,3302.7744140625,3305.72607421875,37.73759078979492,-119.34262084960938,3304.60009765625,-0.006669843569397926,71.0,1.0,0.023578180000185966,46.538883209228516,3314.007568359375,293578.86639723484,4179284.4214624767
393,3305.01904296875,3305.149169921875,3303.4384765625,3305.9990234375,37.7366943359375,-119.34272766113281,3305.10009765625,-0.5823807716369629,47.0,1.0,-0.017845308408141136,70.31954956054688,3304.55078125,293566.9624085453,4179185.177143273
394,3299.0556640625,3298.729248046875,3293.73974609375,3303.2412109375,37.73579406738281,-119.34283447265625,3298.199951171875,-0.32317450642585754,43.0,1.0,-0.14708031713962555,76.7222671508789,3295.594482421875,293555.04764307174,4179085.509524504
